{"version": 1.2, "data/zoo-1.txt 0.8": {"time": 0, "acc": 1.0, "train_size": 0, "test_size": 101}, "data/vote.txt 0.8": {"time": 0, "acc": 0.960919540229885, "train_size": 0, "test_size": 435}, "data/hypothyroid.txt 0.8": {"time": 0, "acc": 0.9661538461538461, "train_size": 0, "test_size": 3247}, "data/tic-tac-toe.txt 0.8": {"time": 0, "acc": 0.8989583333333332, "train_size": 766, "test_size": 192}, "data/mushroom.txt 0.8": {"time": 0, "acc": 1.0, "train_size": 6499, "test_size": 1625}, "data/mushroom.txt 0.5": {"time": 0, "acc": 0.8869276218611523, "train_size": 4062, "test_size": 4062}, "data/zoo-1.txt 0.5": {"time": 0, "acc": 0.9882352941176471, "train_size": 50, "test_size": 51}, "data/vote.txt 0.5": {"time": 0, "acc": 0.9559633027522935, "train_size": 217, "test_size": 218}, "data/hypothyroid.txt 0.5": {"time": 0, "acc": 0.9667487684729064, "train_size": 1623, "test_size": 1624}, "data/mushroom.txt 0.25": {"time": 0, "acc": 0.8861808632857378, "train_size": 2031, "test_size": 6093}, "data/zoo-1.txt 0.25": {"time": 0, "acc": 0.9802631578947368, "train_size": 25, "test_size": 76}, "data/vote.txt 0.25": {"time": 0, "acc": 0.9574923547400612, "train_size": 108, "test_size": 327}, "data/hypothyroid.txt 0.25": {"time": 0, "acc": 0.9642446633825944, "train_size": 811, "test_size": 2436}}