{"version": 1.2, "data/zoo-1.txt 0.8": {"time": 0, "acc": 1.0, "train_size": 0, "test_size": 101}, "data/vote.txt 0.8": {"time": 0, "acc": 0.960919540229885, "train_size": 0, "test_size": 435}, "data/hypothyroid.txt 0.8": {"time": 0, "acc": 0.9661538461538461, "train_size": 0, "test_size": 3247}, "data/tic-tac-toe.txt 0.8": {"time": 0, "acc": 0.8989583333333332, "train_size": 766, "test_size": 192}, "data/mushroom.txt 0.8": {"time": 0, "acc": 1.0, "train_size": 6499, "test_size": 1625}, "data/mushroom.txt 0.5": {"time": 0, "acc": 0.8836287543082225, "train_size": 4062, "test_size": 4062}, "data/zoo-1.txt 0.5": {"time": 0, "acc": 0.9941176470588236, "train_size": 50, "test_size": 51}, "data/vote.txt 0.5": {"time": 0, "acc": 0.9623853211009175, "train_size": 217, "test_size": 218}, "data/hypothyroid.txt 0.5": {"time": 0, "acc": 0.9637315270935961, "train_size": 1623, "test_size": 1624}}