{"version": 1.1, "data/mushroom.txt": {"time": 0.13634264469146729, "acc": 1.0, "train_size": 6499, "test_size": 1625}, "data/tic-tac-toe.txt": {"time": 0.003966784477233887, "acc": 0.9203125000000002, "train_size": 766, "test_size": 192}, "data/zoo-1.txt": {"time": 0.0006790876388549805, "acc": 1.0, "train_size": 80, "test_size": 21}, "data/vote.txt": {"time": 0.006954050064086914, "acc": 0.9413793103448276, "train_size": 348, "test_size": 87}, "data/splice-1.txt": {"time": 0.10071606636047363, "acc": 0.9470219435736678, "train_size": 2552, "test_size": 638}, "data/hypothyroid.txt": {"time": 0.03703465461730957, "acc": 0.9784615384615385, "train_size": 2597, "test_size": 650}}