{"version": 1.2, "data/zoo-1.txt 0.8": {"time": 0.000747513771057129, "acc": 1.0, "train_size": 80, "test_size": 21}, "data/vote.txt 0.8": {"time": 0.002350115776062012, "acc": 0.9448275862068967, "train_size": 348, "test_size": 87}, "data/hypothyroid.txt 0.8": {"time": 0.030211997032165528, "acc": 0.9770769230769231, "train_size": 2597, "test_size": 650}, "data/tic-tac-toe.txt 0.8": {"time": 0.0034346580505371094, "acc": 0.9223958333333334, "train_size": 766, "test_size": 192}, "data/mushroom.txt 0.8": {"time": 0.08202588558197021, "acc": 1.0, "train_size": 6499, "test_size": 1625}, "data/mushroom.txt 0.5": {"time": 0.06752865314483643, "acc": 0.9996061053668143, "train_size": 4062, "test_size": 4062}, "data/zoo-1.txt 0.5": {"time": 0.001237964630126953, "acc": 0.9941176470588236, "train_size": 50, "test_size": 51}, "data/vote.txt 0.5": {"time": 0.0025704622268676756, "acc": 0.9339449541284404, "train_size": 217, "test_size": 218}, "data/hypothyroid.txt 0.5": {"time": 0.057714986801147464, "acc": 0.9737068965517242, "train_size": 1623, "test_size": 1624}, "data/mushroom.txt 0.25": {"time": 0.034403419494628905, "acc": 0.9981125882159855, "train_size": 2031, "test_size": 6093}, "data/zoo-1.txt 0.25": {"time": 0.0004370450973510742, "acc": 0.9921052631578947, "train_size": 25, "test_size": 76}, "data/vote.txt 0.25": {"time": 0.0008870363235473633, "acc": 0.9308868501529052, "train_size": 108, "test_size": 327}, "data/hypothyroid.txt 0.25": {"time": 0.012974381446838379, "acc": 0.9752052545155994, "train_size": 811, "test_size": 2436}, "data/mushroom.txt 0.01": {"time": 0.0016072988510131836, "acc": 0.952206887977123, "train_size": 81, "test_size": 8043}, "data/tic-tac-toe.txt 0.01": {"time": 0.0006576299667358399, "acc": 0.5478398314014752, "train_size": 9, "test_size": 949}, "data/tic-tac-toe.txt 0.25": {"time": 0.0019939422607421877, "acc": 0.8029207232267039, "train_size": 239, "test_size": 719}}