{"version": 1.2, "data/zoo-1.txt 0.8": {"time": 0.0007122039794921875, "acc": 1.0, "train_size": 80, "test_size": 21}, "data/vote.txt 0.8": {"time": 0.0025916814804077147, "acc": 0.9425287356321841, "train_size": 348, "test_size": 87}, "data/hypothyroid.txt 0.8": {"time": 0.02669496536254883, "acc": 0.975230769230769, "train_size": 2597, "test_size": 650}, "data/tic-tac-toe.txt 0.8": {"time": 0.003129863739013672, "acc": 0.9317708333333334, "train_size": 766, "test_size": 192}, "data/mushroom.txt 0.8": {"time": 0.09014205932617188, "acc": 1.0, "train_size": 6499, "test_size": 1625}}