{"version": 1.1, "data/mushroom.txt": {"time": 0.09943320751190185, "acc": 0.9870582120582121, "train_size": 7694, "test_size": 1924}, "data/tic-tac-toe.txt": {"time": 0.09708180427551269, "acc": 0.9881496881496881, "train_size": 7694, "test_size": 1924}, "data/zoo-1.txt": {"time": 0.10232617855072021, "acc": 0.9861226611226611, "train_size": 7694, "test_size": 1924}, "data/vote.txt": {"time": 0.10084347724914551, "acc": 0.9865384615384615, "train_size": 7694, "test_size": 1924}}