{"version": 1.1, "data/mushroom.txt": {"time": 0.09411838054656982, "acc": 1.0, "train_size": 6499, "test_size": 1625}, "data/tic-tac-toe.txt": {"time": 0.004166793823242187, "acc": 0.9338541666666667, "train_size": 766, "test_size": 192}}