{"version": 1.1, "data/mushroom.txt": {"time": 0.19358139038085936, "acc": 1.0, "train_size": 6499, "test_size": 1625}, "data/tic-tac-toe.txt": {"time": 0.003379154205322266, "acc": 0.9218749999999998, "train_size": 766, "test_size": 192}, "data/zoo-1.txt": {"time": 0.0007177591323852539, "acc": 1.0, "train_size": 80, "test_size": 21}, "data/vote.txt": {"time": 0.0023354530334472657, "acc": 0.9333333333333332, "train_size": 348, "test_size": 87}}