{"version": 1.2, "data/zoo-1.txt 0.8": {"time": 0.000747513771057129, "acc": 1.0, "train_size": 80, "test_size": 21}, "data/vote.txt 0.8": {"time": 0.002350115776062012, "acc": 0.9448275862068967, "train_size": 348, "test_size": 87}, "data/hypothyroid.txt 0.8": {"time": 0.030211997032165528, "acc": 0.9770769230769231, "train_size": 2597, "test_size": 650}, "data/tic-tac-toe.txt 0.8": {"time": 0.0034346580505371094, "acc": 0.9223958333333334, "train_size": 766, "test_size": 192}, "data/mushroom.txt 0.8": {"time": 0.08202588558197021, "acc": 1.0, "train_size": 6499, "test_size": 1625}, "data/mushroom.txt 0.5": {"time": 0.05194098949432373, "acc": 0.9996553421959625, "train_size": 4062, "test_size": 4062}, "data/zoo-1.txt 0.5": {"time": 0.0006454944610595703, "acc": 1.0, "train_size": 50, "test_size": 51}, "data/vote.txt 0.5": {"time": 0.0015454292297363281, "acc": 0.9399082568807341, "train_size": 217, "test_size": 218}, "data/hypothyroid.txt 0.5": {"time": 0.016812729835510253, "acc": 0.9770935960591134, "train_size": 1623, "test_size": 1624}}