{"version": 1.2, "data/zoo-1.txt 0.8": {"time": 0.000747513771057129, "acc": 1.0, "train_size": 80, "test_size": 21}, "data/vote.txt 0.8": {"time": 0.002350115776062012, "acc": 0.9448275862068967, "train_size": 348, "test_size": 87}, "data/hypothyroid.txt 0.8": {"time": 0.030211997032165528, "acc": 0.9770769230769231, "train_size": 2597, "test_size": 650}, "data/tic-tac-toe.txt 0.8": {"time": 0.0034346580505371094, "acc": 0.9223958333333334, "train_size": 766, "test_size": 192}, "data/mushroom.txt 0.8": {"time": 0.08202588558197021, "acc": 1.0, "train_size": 6499, "test_size": 1625}, "data/mushroom.txt 0.5": {"time": 0.06752865314483643, "acc": 0.9996061053668143, "train_size": 4062, "test_size": 4062}, "data/zoo-1.txt 0.5": {"time": 0.0007522821426391602, "acc": 1.0, "train_size": 50, "test_size": 51}, "data/vote.txt 0.5": {"time": 0.0025704622268676756, "acc": 0.9339449541284404, "train_size": 217, "test_size": 218}, "data/hypothyroid.txt 0.5": {"time": 0.057714986801147464, "acc": 0.9737068965517242, "train_size": 1623, "test_size": 1624}, "data/mushroom.txt 0.25": {"time": 0.028734469413757326, "acc": 0.9985228951255539, "train_size": 2031, "test_size": 6093}, "data/zoo-1.txt 0.25": {"time": 0.0004358768463134766, "acc": 0.9842105263157895, "train_size": 25, "test_size": 76}, "data/vote.txt 0.25": {"time": 0.0009916067123413087, "acc": 0.9272171253822631, "train_size": 108, "test_size": 327}, "data/hypothyroid.txt 0.25": {"time": 0.007817244529724121, "acc": 0.9628489326765189, "train_size": 811, "test_size": 2436}, "data/mushroom.txt 0.01": {"time": 0.0016072988510131836, "acc": 0.952206887977123, "train_size": 81, "test_size": 8043}, "data/tic-tac-toe.txt 0.01": {"time": 0.0006576299667358399, "acc": 0.5478398314014752, "train_size": 9, "test_size": 949}, "data/tic-tac-toe.txt 0.25": {"time": 0.001497197151184082, "acc": 0.7739916550764951, "train_size": 239, "test_size": 719}, "data/tic-tac-toe.txt 0.5": {"time": 0.004506659507751465, "acc": 0.7910229645093947, "train_size": 479, "test_size": 479}, "data/tic-tac-toe.txt 0.75": {"time": 0.008193159103393554, "acc": 0.8095833333333333, "train_size": 718, "test_size": 240}, "data/audiology.txt 0.25": {"time": 0.001329326629638672, "acc": 0.8765432098765432, "train_size": 54, "test_size": 162}, "data/letter.txt 0.25": {"time": 0.17796628475189208, "acc": 0.9868866666666667, "train_size": 5000, "test_size": 15000}, "data/pendigits.txt 0.25": {"time": 0.04811396598815918, "acc": 0.9926525529265255, "train_size": 1873, "test_size": 5621}, "data/yeast.txt 0.25": {"time": 0.005370736122131348, "acc": 0.6812219227313567, "train_size": 371, "test_size": 1113}, "data/splice-1.txt 0.25": {"time": 0.03251693248748779, "acc": 0.8963226076055161, "train_size": 797, "test_size": 2393}, "data/diabetes.txt 0.25": {"time": 0.003529071807861328, "acc": 0.6704861111111111, "train_size": 192, "test_size": 576}, "data/segment.txt 0.25": {"time": 0.014725184440612793, "acc": 0.9948066935949221, "train_size": 577, "test_size": 1733}, "data/kr-vs-kp.txt 0.25": {"time": 0.008014583587646484, "acc": 0.8953692115143929, "train_size": 799, "test_size": 2397}, "data/ionosphere.txt 0.25": {"time": 0.0050536394119262695, "acc": 0.8208333333333335, "train_size": 87, "test_size": 264}, "data/lymph.txt 0.25": {"time": 0.0006933212280273438, "acc": 0.7423423423423423, "train_size": 37, "test_size": 111}, "data/soybean.txt 0.25": {"time": 0.0014043569564819336, "acc": 0.878646934460888, "train_size": 157, "test_size": 473}, "data/primary-tumor.txt 0.25": {"time": 0.0008074045181274414, "acc": 0.7301587301587302, "train_size": 84, "test_size": 252}, "data/vehicle.txt 0.25": {"time": 0.006239795684814453, "acc": 0.9182677165354332, "train_size": 211, "test_size": 635}, "data/australian-credit.txt 0.25": {"time": 0.0029587507247924804, "acc": 0.819795918367347, "train_size": 163, "test_size": 490}, "data/anneal.txt 0.25": {"time": 0.0027637243270874023, "acc": 0.7896551724137931, "train_size": 203, "test_size": 609}, "data/hepatitis.txt 0.25": {"time": 0.000654149055480957, "acc": 0.7679611650485436, "train_size": 34, "test_size": 103}, "data/heart-cleveland.txt 0.25": {"time": 0.0013086557388305663, "acc": 0.7153153153153153, "train_size": 74, "test_size": 222}, "data/breast-wisconsin.txt 0.25": {"time": 0.0026482582092285157, "acc": 0.9364522417153995, "train_size": 170, "test_size": 513}, "data/german-credit.txt 0.25": {"time": 0.0044813394546508786, "acc": 0.6381333333333332, "train_size": 250, "test_size": 750}}