{"version": 1.2, "data/zoo-1.txt 0.8": {"time": 0.00076446533203125, "acc": 0.9809523809523808, "train_size": 80, "test_size": 21}, "data/vote.txt 0.8": {"time": 0.007198238372802734, "acc": 0.939080459770115, "train_size": 348, "test_size": 87}, "data/hypothyroid.txt 0.8": {"time": 0.03197784423828125, "acc": 0.962923076923077, "train_size": 2597, "test_size": 650}, "data/tic-tac-toe.txt 0.8": {"time": 0.004724383354187012, "acc": 0.7010416666666667, "train_size": 766, "test_size": 192}, "data/mushroom.txt 0.8": {"time": 0.2339246988296509, "acc": 0.9982153846153846, "train_size": 6499, "test_size": 1625}, "data/mushroom.txt 0.5": {"time": 0.08722681999206543, "acc": 0.9953471196454948, "train_size": 4062, "test_size": 4062}, "data/zoo-1.txt 0.5": {"time": 0.014452874660491943, "acc": 0.59, "train_size": 50, "test_size": 51}, "data/vote.txt 0.5": {"time": 0.0028687477111816405, "acc": 0.9321100917431192, "train_size": 217, "test_size": 218}, "data/mushroom.txt 0.25": {"time": 2.587250328063965, "acc": 0.9533234859675037, "train_size": 2031, "test_size": 6093}, "data/zoo-1.txt 0.25": {"time": 0.000863027572631836, "acc": 0.9513157894736842, "train_size": 25, "test_size": 76}, "data/vote.txt 0.25": {"time": 0.05759813785552979, "acc": 0.9168195718654435, "train_size": 108, "test_size": 327}, "data/mushroom.txt 0.01": {"time": 0.017529964447021484, "acc": 0.9235111276886734, "train_size": 81, "test_size": 8043}, "data/tic-tac-toe.txt 0.01": {"time": 0.0011884450912475586, "acc": 0.5642781875658588, "train_size": 9, "test_size": 949}, "data/tic-tac-toe.txt 0.25": {"time": 0.04353289604187012, "acc": 0.6632823365785814, "train_size": 239, "test_size": 719}, "data/tic-tac-toe.txt 0.5": {"time": 0.05436055660247803, "acc": 0.7277661795407099, "train_size": 479, "test_size": 479}, "data/tic-tac-toe.txt 0.75": {"time": 0.07746891975402832, "acc": 0.7158333333333333, "train_size": 718, "test_size": 240}, "data/audiology.txt 0.25": {"time": 0.15749311447143555, "acc": 0.9154320987654321, "train_size": 54, "test_size": 162}, "data/letter.txt 0.25": {"time": 117.03042714595794, "acc": 0.9806133333333333, "train_size": 5000, "test_size": 15000}, "data/pendigits.txt 0.25": {"time": 37.029243159294126, "acc": 0.9898416651841309, "train_size": 1873, "test_size": 5621}, "data/yeast.txt 0.25": {"time": 1.8152055978775024, "acc": 0.6712488769092543, "train_size": 371, "test_size": 1113}, "data/splice-1.txt 0.25": {"time": 38.791727089881896, "acc": 0.7840785624738821, "train_size": 797, "test_size": 2393}, "data/diabetes.txt 0.25": {"time": 3.035429358482361, "acc": 0.7020833333333334, "train_size": 192, "test_size": 576}, "data/segment.txt 0.25": {"time": 1.9997675180435182, "acc": 0.9889786497403346, "train_size": 577, "test_size": 1733}, "data/kr-vs-kp.txt 0.25": {"time": 0.9198977470397949, "acc": 0.7925323320817688, "train_size": 799, "test_size": 2397}, "data/ionosphere.txt 0.25": {"time": 74.56572041511535, "acc": 0.8193181818181818, "train_size": 87, "test_size": 264}, "data/lymph.txt 0.25": {"time": 0.036724281311035153, "acc": 0.6963963963963964, "train_size": 37, "test_size": 111}, "data/soybean.txt 0.25": {"time": 0.10109705924987793, "acc": 0.9156448202959832, "train_size": 157, "test_size": 473}, "data/hypothyroid.txt 0.25": {"time": 1.1587726831436158, "acc": 0.9461001642036125, "train_size": 811, "test_size": 2436}, "data/primary-tumor.txt 0.25": {"time": 0.04670803546905518, "acc": 0.7817460317460316, "train_size": 84, "test_size": 252}, "data/vehicle.txt 0.25": {"time": 20.000299882888793, "acc": 0.9039370078740155, "train_size": 211, "test_size": 635}, "data/australian-credit.txt 0.25": {"time": 2.7071457862854005, "acc": 0.8330612244897958, "train_size": 163, "test_size": 490}, "data/anneal.txt 0.25": {"time": 0.8044665098190308, "acc": 0.790311986863711, "train_size": 203, "test_size": 609}, "data/hepatitis.txt 0.25": {"time": 0.04111027717590332, "acc": 0.7281553398058253, "train_size": 34, "test_size": 103}, "data/heart-cleveland.txt 0.25": {"time": 1.0303443193435669, "acc": 0.722072072072072, "train_size": 74, "test_size": 222}, "data/breast-wisconsin.txt 0.25": {"time": 0.9379490375518799, "acc": 0.9331384015594543, "train_size": 170, "test_size": 513}, "data/german-credit.txt 0.25": {"time": 2.422819900512695, "acc": 0.6752, "train_size": 250, "test_size": 750}}