{"version": 1.2, "data/zoo-1.txt 0.8": {"time": 0.00076446533203125, "acc": 0.9809523809523808, "train_size": 80, "test_size": 21}, "data/vote.txt 0.8": {"time": 0.007198238372802734, "acc": 0.939080459770115, "train_size": 348, "test_size": 87}, "data/hypothyroid.txt 0.8": {"time": 0.03197784423828125, "acc": 0.962923076923077, "train_size": 2597, "test_size": 650}, "data/tic-tac-toe.txt 0.8": {"time": 0.004724383354187012, "acc": 0.7010416666666667, "train_size": 766, "test_size": 192}, "data/mushroom.txt 0.8": {"time": 0.2339246988296509, "acc": 0.9982153846153846, "train_size": 6499, "test_size": 1625}, "data/mushroom.txt 0.5": {"time": 0.08722681999206543, "acc": 0.9953471196454948, "train_size": 4062, "test_size": 4062}, "data/zoo-1.txt 0.5": {"time": 0.000948023796081543, "acc": 0.9843137254901961, "train_size": 50, "test_size": 51}, "data/vote.txt 0.5": {"time": 0.0028687477111816405, "acc": 0.9321100917431192, "train_size": 217, "test_size": 218}, "data/mushroom.txt 0.25": {"time": 2.1666977167129517, "acc": 0.9904644674216314, "train_size": 2031, "test_size": 6093}, "data/zoo-1.txt 0.25": {"time": 0.0005285978317260742, "acc": 0.9407894736842106, "train_size": 25, "test_size": 76}, "data/vote.txt 0.25": {"time": 0.03211734294891357, "acc": 0.8984709480122325, "train_size": 108, "test_size": 327}, "data/mushroom.txt 0.01": {"time": 0.017529964447021484, "acc": 0.9235111276886734, "train_size": 81, "test_size": 8043}, "data/tic-tac-toe.txt 0.01": {"time": 0.0011884450912475586, "acc": 0.5642781875658588, "train_size": 9, "test_size": 949}, "data/tic-tac-toe.txt 0.25": {"time": 0.039308786392211914, "acc": 0.6897079276773297, "train_size": 239, "test_size": 719}, "data/tic-tac-toe.txt 0.5": {"time": 0.05436055660247803, "acc": 0.7277661795407099, "train_size": 479, "test_size": 479}, "data/tic-tac-toe.txt 0.75": {"time": 0.07746891975402832, "acc": 0.7158333333333333, "train_size": 718, "test_size": 240}, "data/audiology.txt 0.25": {"time": 0.31492640972137453, "acc": 0.8746913580246913, "train_size": 54, "test_size": 162}, "data/letter.txt 0.25": {"time": 215.24459919929504, "acc": 0.9806199999999998, "train_size": 5000, "test_size": 15000}, "data/pendigits.txt 0.25": {"time": 36.271601581573485, "acc": 0.9904287493328588, "train_size": 1873, "test_size": 5621}, "data/yeast.txt 0.25": {"time": 1.7616287469863892, "acc": 0.678167115902965, "train_size": 371, "test_size": 1113}, "data/splice-1.txt 0.25": {"time": 30.325990200042725, "acc": 0.8637693272043461, "train_size": 797, "test_size": 2393}, "data/diabetes.txt 0.25": {"time": 3.0009166955947877, "acc": 0.7203124999999999, "train_size": 192, "test_size": 576}, "data/segment.txt 0.25": {"time": 1.6107258081436158, "acc": 0.9949221004039239, "train_size": 577, "test_size": 1733}, "data/kr-vs-kp.txt 0.25": {"time": 0.8073779344558716, "acc": 0.8586566541510221, "train_size": 799, "test_size": 2397}, "data/ionosphere.txt 0.25": {"time": 23.865235924720764, "acc": 0.8045454545454545, "train_size": 87, "test_size": 264}, "data/lymph.txt 0.25": {"time": 0.05123639106750488, "acc": 0.7045045045045045, "train_size": 37, "test_size": 111}, "data/soybean.txt 0.25": {"time": 0.1082385778427124, "acc": 0.8822410147991544, "train_size": 157, "test_size": 473}, "data/hypothyroid.txt 0.25": {"time": 1.0325546264648438, "acc": 0.9655582922824303, "train_size": 811, "test_size": 2436}, "data/primary-tumor.txt 0.25": {"time": 0.04192328453063965, "acc": 0.7722222222222223, "train_size": 84, "test_size": 252}, "data/vehicle.txt 0.25": {"time": 20.294308018684386, "acc": 0.9017322834645668, "train_size": 211, "test_size": 635}, "data/australian-credit.txt 0.25": {"time": 2.410040760040283, "acc": 0.8195918367346939, "train_size": 163, "test_size": 490}, "data/anneal.txt 0.25": {"time": 0.766592264175415, "acc": 0.7957307060755336, "train_size": 203, "test_size": 609}, "data/hepatitis.txt 0.25": {"time": 0.037558984756469724, "acc": 0.7495145631067961, "train_size": 34, "test_size": 103}, "data/heart-cleveland.txt 0.25": {"time": 0.8735308170318603, "acc": 0.7148648648648649, "train_size": 74, "test_size": 222}, "data/breast-wisconsin.txt 0.25": {"time": 1.0833204507827758, "acc": 0.9278752436647174, "train_size": 170, "test_size": 513}, "data/german-credit.txt 0.25": {"time": 2.2827813625335693, "acc": 0.6785333333333334, "train_size": 250, "test_size": 750}}