{"version": 1.2, "data/zoo-1.txt 0.8": {"time": 0.000880742073059082, "acc": 1.0, "train_size": 80, "test_size": 21}, "data/vote.txt 0.8": {"time": 0.002678370475769043, "acc": 0.9540229885057471, "train_size": 348, "test_size": 87}, "data/hypothyroid.txt 0.8": {"time": 0.034433746337890626, "acc": 0.962923076923077, "train_size": 2597, "test_size": 650}, "data/tic-tac-toe.txt 0.8": {"time": 0.004833626747131348, "acc": 0.6973958333333333, "train_size": 766, "test_size": 192}, "data/mushroom.txt 0.8": {"time": 0.1085423469543457, "acc": 0.8831384615384614, "train_size": 6499, "test_size": 1625}}