{"version": 1.2, "data/zoo-1.txt 0.8": {"time": 0.00076446533203125, "acc": 0.9809523809523808, "train_size": 80, "test_size": 21}, "data/vote.txt 0.8": {"time": 0.007198238372802734, "acc": 0.939080459770115, "train_size": 348, "test_size": 87}, "data/hypothyroid.txt 0.8": {"time": 0.03197784423828125, "acc": 0.962923076923077, "train_size": 2597, "test_size": 650}, "data/tic-tac-toe.txt 0.8": {"time": 0.004724383354187012, "acc": 0.7010416666666667, "train_size": 766, "test_size": 192}, "data/mushroom.txt 0.8": {"time": 0.2339246988296509, "acc": 0.9982153846153846, "train_size": 6499, "test_size": 1625}, "data/mushroom.txt 0.5": {"time": 0.08722681999206543, "acc": 0.9953471196454948, "train_size": 4062, "test_size": 4062}, "data/zoo-1.txt 0.5": {"time": 0.0007708549499511718, "acc": 0.9725490196078432, "train_size": 50, "test_size": 51}, "data/vote.txt 0.5": {"time": 0.0028687477111816405, "acc": 0.9321100917431192, "train_size": 217, "test_size": 218}, "data/mushroom.txt 0.25": {"time": 0.04268205165863037, "acc": 0.9868045297882817, "train_size": 2031, "test_size": 6093}, "data/zoo-1.txt 0.25": {"time": 0.0006015300750732422, "acc": 0.9657894736842106, "train_size": 25, "test_size": 76}, "data/vote.txt 0.25": {"time": 0.00128629207611084, "acc": 0.8996941896024465, "train_size": 108, "test_size": 327}, "data/mushroom.txt 0.01": {"time": 0.017529964447021484, "acc": 0.9235111276886734, "train_size": 81, "test_size": 8043}, "data/tic-tac-toe.txt 0.01": {"time": 0.0011884450912475586, "acc": 0.5642781875658588, "train_size": 9, "test_size": 949}, "data/tic-tac-toe.txt 0.25": {"time": 0.058194947242736814, "acc": 0.6991655076495132, "train_size": 239, "test_size": 719}, "data/tic-tac-toe.txt 0.5": {"time": 0.05436055660247803, "acc": 0.7277661795407099, "train_size": 479, "test_size": 479}, "data/tic-tac-toe.txt 0.75": {"time": 0.07746891975402832, "acc": 0.7158333333333333, "train_size": 718, "test_size": 240}}