{"version": 1.2, "data/zoo-1.txt 0.8": {"time": 0.000988006591796875, "acc": 1.0, "train_size": 80, "test_size": 21}, "data/vote.txt 0.8": {"time": 0.0028066158294677733, "acc": 0.9505747126436782, "train_size": 348, "test_size": 87}, "data/hypothyroid.txt 0.8": {"time": 0.03197784423828125, "acc": 0.962923076923077, "train_size": 2597, "test_size": 650}, "data/tic-tac-toe.txt 0.8": {"time": 0.004724383354187012, "acc": 0.7010416666666667, "train_size": 766, "test_size": 192}, "data/mushroom.txt 0.8": {"time": 0.08800983428955078, "acc": 0.8853538461538462, "train_size": 6499, "test_size": 1625}}