{"version": 1.2, "data/zoo-1.txt 0.8": {"time": 0.00076446533203125, "acc": 0.9809523809523808, "train_size": 80, "test_size": 21}, "data/vote.txt 0.8": {"time": 0.007198238372802734, "acc": 0.939080459770115, "train_size": 348, "test_size": 87}, "data/hypothyroid.txt 0.8": {"time": 0.03197784423828125, "acc": 0.962923076923077, "train_size": 2597, "test_size": 650}, "data/tic-tac-toe.txt 0.8": {"time": 0.004724383354187012, "acc": 0.7010416666666667, "train_size": 766, "test_size": 192}, "data/mushroom.txt 0.8": {"time": 0.2339246988296509, "acc": 0.9982153846153846, "train_size": 6499, "test_size": 1625}, "data/mushroom.txt 0.5": {"time": 0.0863783597946167, "acc": 0.9961595273264401, "train_size": 4062, "test_size": 4062}, "data/zoo-1.txt 0.5": {"time": 0.0006549358367919922, "acc": 0.968627450980392, "train_size": 50, "test_size": 51}, "data/vote.txt 0.5": {"time": 0.002390432357788086, "acc": 0.9275229357798166, "train_size": 217, "test_size": 218}}