{"version": 1.2, "data/zoo-1.txt 0.8": {"time": 0.00076446533203125, "acc": 0.9809523809523808, "train_size": 80, "test_size": 21}, "data/vote.txt 0.8": {"time": 0.007198238372802734, "acc": 0.939080459770115, "train_size": 348, "test_size": 87}, "data/hypothyroid.txt 0.8": {"time": 0.03197784423828125, "acc": 0.962923076923077, "train_size": 2597, "test_size": 650}, "data/tic-tac-toe.txt 0.8": {"time": 0.004724383354187012, "acc": 0.7010416666666667, "train_size": 766, "test_size": 192}, "data/mushroom.txt 0.8": {"time": 0.2339246988296509, "acc": 0.9982153846153846, "train_size": 6499, "test_size": 1625}, "data/mushroom.txt 0.5": {"time": 0.08722681999206543, "acc": 0.9953471196454948, "train_size": 4062, "test_size": 4062}, "data/zoo-1.txt 0.5": {"time": 0.014452874660491943, "acc": 0.59, "train_size": 50, "test_size": 51}, "data/vote.txt 0.5": {"time": 0.0028687477111816405, "acc": 0.9321100917431192, "train_size": 217, "test_size": 218}, "data/mushroom.txt 0.25": {"time": 2.0623002290725707, "acc": 0.9985064828491712, "train_size": 2031, "test_size": 6093}, "data/zoo-1.txt 0.25": {"time": 0.000542449951171875, "acc": 0.9539473684210525, "train_size": 25, "test_size": 76}, "data/vote.txt 0.25": {"time": 0.04552292823791504, "acc": 0.925993883792049, "train_size": 108, "test_size": 327}, "data/mushroom.txt 0.01": {"time": 0.017529964447021484, "acc": 0.9235111276886734, "train_size": 81, "test_size": 8043}, "data/tic-tac-toe.txt 0.01": {"time": 0.0011884450912475586, "acc": 0.5642781875658588, "train_size": 9, "test_size": 949}, "data/tic-tac-toe.txt 0.25": {"time": 0.039385437965393066, "acc": 0.7369958275382477, "train_size": 239, "test_size": 719}, "data/tic-tac-toe.txt 0.5": {"time": 0.05436055660247803, "acc": 0.7277661795407099, "train_size": 479, "test_size": 479}, "data/tic-tac-toe.txt 0.75": {"time": 0.07746891975402832, "acc": 0.7158333333333333, "train_size": 718, "test_size": 240}, "data/audiology.txt 0.25": {"time": 0.11183755397796631, "acc": 0.9296296296296294, "train_size": 54, "test_size": 162}, "data/letter.txt 0.25": {"time": 149.2553959608078, "acc": 0.9812066666666667, "train_size": 5000, "test_size": 15000}, "data/pendigits.txt 0.25": {"time": 32.87760334014892, "acc": 0.9909802526240883, "train_size": 1873, "test_size": 5621}, "data/yeast.txt 0.25": {"time": 1.8574872255325316, "acc": 0.6751123090745733, "train_size": 371, "test_size": 1113}, "data/splice-1.txt 0.25": {"time": 39.5352119922638, "acc": 0.9182615963226075, "train_size": 797, "test_size": 2393}, "data/diabetes.txt 0.25": {"time": 3.6841795444488525, "acc": 0.709201388888889, "train_size": 192, "test_size": 576}, "data/segment.txt 0.25": {"time": 0.3171508550643921, "acc": 0.9932487016733986, "train_size": 577, "test_size": 1733}, "data/kr-vs-kp.txt 0.25": {"time": 0.7588591814041138, "acc": 0.9365039632874426, "train_size": 799, "test_size": 2397}, "data/ionosphere.txt 0.25": {"time": 72.06408789157868, "acc": 0.8140151515151516, "train_size": 87, "test_size": 264}, "data/lymph.txt 0.25": {"time": 0.025298118591308594, "acc": 0.7396396396396396, "train_size": 37, "test_size": 111}, "data/soybean.txt 0.25": {"time": 0.08383724689483643, "acc": 0.9289640591966173, "train_size": 157, "test_size": 473}, "data/hypothyroid.txt 0.25": {"time": 1.0334551811218262, "acc": 0.9779146141215106, "train_size": 811, "test_size": 2436}, "data/primary-tumor.txt 0.25": {"time": 0.035758256912231445, "acc": 0.7896825396825397, "train_size": 84, "test_size": 252}, "data/vehicle.txt 0.25": {"time": 20.58944962024689, "acc": 0.9214173228346457, "train_size": 211, "test_size": 635}, "data/australian-credit.txt 0.25": {"time": 2.9328648805618287, "acc": 0.8153061224489795, "train_size": 163, "test_size": 490}, "data/anneal.txt 0.25": {"time": 0.9645122051239013, "acc": 0.8133004926108376, "train_size": 203, "test_size": 609}, "data/hepatitis.txt 0.25": {"time": 0.043240690231323244, "acc": 0.7679611650485436, "train_size": 34, "test_size": 103}, "data/heart-cleveland.txt 0.25": {"time": 1.0748703479766846, "acc": 0.7319819819819819, "train_size": 74, "test_size": 222}, "data/breast-wisconsin.txt 0.25": {"time": 1.092234230041504, "acc": 0.938011695906433, "train_size": 170, "test_size": 513}, "data/german-credit.txt 0.25": {"time": 2.5510252952575683, "acc": 0.6777333333333335, "train_size": 250, "test_size": 750}}