{"version": 1.2, "data/zoo-1.txt 0.8": {"time": 0.00076446533203125, "acc": 0.9809523809523808, "train_size": 80, "test_size": 21}, "data/vote.txt 0.8": {"time": 0.007198238372802734, "acc": 0.939080459770115, "train_size": 348, "test_size": 87}, "data/hypothyroid.txt 0.8": {"time": 0.03197784423828125, "acc": 0.962923076923077, "train_size": 2597, "test_size": 650}, "data/tic-tac-toe.txt 0.8": {"time": 0.004724383354187012, "acc": 0.7010416666666667, "train_size": 766, "test_size": 192}, "data/mushroom.txt 0.8": {"time": 0.2339246988296509, "acc": 0.9982153846153846, "train_size": 6499, "test_size": 1625}, "data/mushroom.txt 0.5": {"time": 0.08722681999206543, "acc": 0.9953471196454948, "train_size": 4062, "test_size": 4062}, "data/zoo-1.txt 0.5": {"time": 0.014452874660491943, "acc": 0.59, "train_size": 50, "test_size": 51}, "data/vote.txt 0.5": {"time": 0.0028687477111816405, "acc": 0.9321100917431192, "train_size": 217, "test_size": 218}, "data/mushroom.txt 0.25": {"time": 0.07120599746704101, "acc": 0.9689972099130151, "train_size": 2031, "test_size": 6093}, "data/zoo-1.txt 0.25": {"time": 0.0005402803421020508, "acc": 0.9578947368421054, "train_size": 25, "test_size": 76}, "data/vote.txt 0.25": {"time": 0.0018862485885620117, "acc": 0.9477064220183486, "train_size": 108, "test_size": 327}, "data/mushroom.txt 0.01": {"time": 0.017529964447021484, "acc": 0.9235111276886734, "train_size": 81, "test_size": 8043}, "data/tic-tac-toe.txt 0.01": {"time": 0.0011884450912475586, "acc": 0.5642781875658588, "train_size": 9, "test_size": 949}, "data/tic-tac-toe.txt 0.25": {"time": 0.00353543758392334, "acc": 0.6813630041724618, "train_size": 239, "test_size": 719}, "data/tic-tac-toe.txt 0.5": {"time": 0.05436055660247803, "acc": 0.7277661795407099, "train_size": 479, "test_size": 479}, "data/tic-tac-toe.txt 0.75": {"time": 0.07746891975402832, "acc": 0.7158333333333333, "train_size": 718, "test_size": 240}, "data/audiology.txt 0.25": {"time": 0.013122940063476562, "acc": 0.9234567901234568, "train_size": 54, "test_size": 162}, "data/letter.txt 0.25": {"time": 1.1125115633010865, "acc": 0.9697199999999999, "train_size": 5000, "test_size": 15000}, "data/pendigits.txt 0.25": {"time": 0.40429959297180174, "acc": 0.9782067247820672, "train_size": 1873, "test_size": 5621}, "data/yeast.txt 0.25": {"time": 0.027973437309265138, "acc": 0.6829290206648697, "train_size": 371, "test_size": 1113}, "data/splice-1.txt 0.25": {"time": 0.26095991134643554, "acc": 0.8305474300041787, "train_size": 797, "test_size": 2393}, "data/diabetes.txt 0.25": {"time": 0.03461463451385498, "acc": 0.713888888888889, "train_size": 192, "test_size": 576}, "data/segment.txt 0.25": {"time": 0.13436686992645264, "acc": 0.9917484131563763, "train_size": 577, "test_size": 1733}, "data/kr-vs-kp.txt 0.25": {"time": 0.03839695453643799, "acc": 0.8701293283270755, "train_size": 799, "test_size": 2397}, "data/ionosphere.txt 0.25": {"time": 0.398095703125, "acc": 0.8299242424242423, "train_size": 87, "test_size": 264}, "data/lymph.txt 0.25": {"time": 0.006712007522583008, "acc": 0.7414414414414414, "train_size": 37, "test_size": 111}, "data/soybean.txt 0.25": {"time": 0.006003808975219726, "acc": 0.885412262156448, "train_size": 157, "test_size": 473}, "data/hypothyroid.txt 0.25": {"time": 1.1331361770629882, "acc": 0.9759852216748767, "train_size": 811, "test_size": 2436}, "data/primary-tumor.txt 0.25": {"time": 0.003386378288269043, "acc": 0.8083333333333333, "train_size": 84, "test_size": 252}, "data/vehicle.txt 0.25": {"time": 0.19252688884735109, "acc": 0.8833070866141733, "train_size": 211, "test_size": 635}, "data/australian-credit.txt 0.25": {"time": 0.03308324813842774, "acc": 0.8406122448979592, "train_size": 163, "test_size": 490}, "data/anneal.txt 0.25": {"time": 0.017530655860900878, "acc": 0.8178981937602627, "train_size": 203, "test_size": 609}, "data/hepatitis.txt 0.25": {"time": 0.007809185981750488, "acc": 0.7941747572815533, "train_size": 34, "test_size": 103}, "data/heart-cleveland.txt 0.25": {"time": 0.021515655517578124, "acc": 0.7387387387387387, "train_size": 74, "test_size": 222}, "data/breast-wisconsin.txt 0.25": {"time": 0.02970876693725586, "acc": 0.9448343079922028, "train_size": 170, "test_size": 513}, "data/german-credit.txt 0.25": {"time": 0.03197896480560303, "acc": 0.7025333333333335, "train_size": 250, "test_size": 750}}