{"version": 1.2, "data/mushroom.txt 0.8": {"time": 0.558098030090332, "acc": 0.9799384615384616, "train_size": 6499, "test_size": 1625}, "data/zoo-1.txt 0.8": {"time": 0.01020195484161377, "acc": 0.9619047619047618, "train_size": 80, "test_size": 21}, "data/vote.txt 0.8": {"time": 0.018973064422607423, "acc": 0.8873563218390805, "train_size": 348, "test_size": 87}, "data/mushroom.txt 0.5": {"time": 52.76992061138153, "acc": 0.9985228951255538, "train_size": 4062, "test_size": 4062}, "data/zoo-1.txt 0.5": {"time": 0.004449081420898437, "acc": 0.9529411764705884, "train_size": 50, "test_size": 51}, "data/vote.txt 0.5": {"time": 0.03188612461090088, "acc": 0.9256880733944953, "train_size": 217, "test_size": 218}, "data/hypothyroid.txt 0.5": {"time": 12.83391830921173, "acc": 0.9775862068965517, "train_size": 1623, "test_size": 1624}, "data/tic-tac-toe.txt 0.5": {"time": 0.2852663040161133, "acc": 0.8008350730688933, "train_size": 479, "test_size": 479}}