{"version": 1.2, "data/mushroom.txt 0.8": {"time": 0.558098030090332, "acc": 0.9799384615384616, "train_size": 6499, "test_size": 1625}, "data/zoo-1.txt 0.8": {"time": 0.01020195484161377, "acc": 0.9619047619047618, "train_size": 80, "test_size": 21}, "data/vote.txt 0.8": {"time": 0.018973064422607423, "acc": 0.8873563218390805, "train_size": 348, "test_size": 87}, "data/mushroom.txt 0.5": {"time": 32.11601588726044, "acc": 0.9977104874446084, "train_size": 4062, "test_size": 4062}, "data/zoo-1.txt 0.5": {"time": 0.009372138977050781, "acc": 0.9392156862745098, "train_size": 50, "test_size": 51}, "data/vote.txt 0.5": {"time": 0.01661689281463623, "acc": 0.9293577981651376, "train_size": 217, "test_size": 218}, "data/hypothyroid.txt 0.5": {"time": 7.971237826347351, "acc": 0.9772783251231527, "train_size": 1623, "test_size": 1624}, "data/tic-tac-toe.txt 0.5": {"time": 0.3197361707687378, "acc": 0.8511482254697287, "train_size": 479, "test_size": 479}}