{"version": 1.2, "data/mushroom.txt 0.8": {"time": 0.558098030090332, "acc": 0.9799384615384616, "train_size": 6499, "test_size": 1625}, "data/zoo-1.txt 0.8": {"time": 0.01020195484161377, "acc": 0.9619047619047618, "train_size": 80, "test_size": 21}, "data/vote.txt 0.8": {"time": 0.018973064422607423, "acc": 0.8873563218390805, "train_size": 348, "test_size": 87}, "data/mushroom.txt 0.5": {"time": 21.646842098236085, "acc": 0.8925160019694733, "train_size": 4062, "test_size": 4062}, "data/zoo-1.txt 0.5": {"time": 0.004676651954650879, "acc": 0.9490196078431372, "train_size": 50, "test_size": 51}, "data/vote.txt 0.5": {"time": 0.029720330238342287, "acc": 0.9422018348623853, "train_size": 217, "test_size": 218}, "data/hypothyroid.txt 0.5": {"time": 6.707677745819092, "acc": 0.9783866995073891, "train_size": 1623, "test_size": 1624}, "data/tic-tac-toe.txt 0.5": {"time": 0.22821762561798095, "acc": 0.6624217118997913, "train_size": 479, "test_size": 479}, "data/mushroom.txt 0.25": {"time": 4.1569983959198, "acc": 0.996963728869194, "train_size": 2031, "test_size": 6093}, "data/zoo-1.txt 0.25": {"time": 0.012280774116516114, "acc": 0.9381578947368421, "train_size": 25, "test_size": 76}, "data/vote.txt 0.25": {"time": 0.012461423873901367, "acc": 0.890519877675841, "train_size": 108, "test_size": 327}}