{"version": 1.2, "data/mushroom.txt 0.8": {"time": 0.558098030090332, "acc": 0.9799384615384616, "train_size": 6499, "test_size": 1625}, "data/zoo-1.txt 0.8": {"time": 0.01020195484161377, "acc": 0.9619047619047618, "train_size": 80, "test_size": 21}, "data/vote.txt 0.8": {"time": 0.018973064422607423, "acc": 0.8873563218390805, "train_size": 348, "test_size": 87}}