{"version": 1.2, "data/mushroom.txt 0.8": {"time": 0.558098030090332, "acc": 0.9799384615384616, "train_size": 6499, "test_size": 1625}, "data/zoo-1.txt 0.8": {"time": 0.01020195484161377, "acc": 0.9619047619047618, "train_size": 80, "test_size": 21}, "data/vote.txt 0.8": {"time": 0.018973064422607423, "acc": 0.8873563218390805, "train_size": 348, "test_size": 87}, "data/mushroom.txt 0.5": {"time": 6.238136053085327, "acc": 0.5177991137370752, "train_size": 4062, "test_size": 4062}, "data/zoo-1.txt 0.5": {"time": 0.004676651954650879, "acc": 0.9490196078431372, "train_size": 50, "test_size": 51}, "data/vote.txt 0.5": {"time": 0.029720330238342287, "acc": 0.9422018348623853, "train_size": 217, "test_size": 218}, "data/hypothyroid.txt 0.5": {"time": 6.707677745819092, "acc": 0.9783866995073891, "train_size": 1623, "test_size": 1624}, "data/tic-tac-toe.txt 0.5": {"time": 0.22821762561798095, "acc": 0.6624217118997913, "train_size": 479, "test_size": 479}, "data/mushroom.txt 0.25": {"time": 5.663515710830689, "acc": 0.9962580009847366, "train_size": 2031, "test_size": 6093}, "data/zoo-1.txt 0.25": {"time": 0.006785750389099121, "acc": 0.9473684210526315, "train_size": 25, "test_size": 76}, "data/vote.txt 0.25": {"time": 0.043865633010864255, "acc": 0.6357798165137615, "train_size": 108, "test_size": 327}, "data/mushroom.txt 0.01": {"time": 0.019034790992736816, "acc": 0.8838120104438643, "train_size": 81, "test_size": 8043}, "data/letter.txt 0.25": {"time": 570.2140186548233, "acc": 0.9817066666666665, "train_size": 5000, "test_size": 15000}, "data/pendigits.txt 0.25": {"time": 70.41546401977538, "acc": 0.9932752179327522, "train_size": 1873, "test_size": 5621}, "data/yeast.txt 0.25": {"time": 9.970615887641907, "acc": 0.6790655884995508, "train_size": 371, "test_size": 1113}, "data/splice-1.txt 0.25": {"time": 95.90121278762817, "acc": 0.9305474300041787, "train_size": 797, "test_size": 2393}, "data/diabetes.txt 0.25": {"time": 8.470871686935425, "acc": 0.7199652777777777, "train_size": 192, "test_size": 576}, "data/segment.txt 0.25": {"time": 0.474424147605896, "acc": 0.9832660126947488, "train_size": 577, "test_size": 1733}, "data/kr-vs-kp.txt 0.25": {"time": 4.375535273551941, "acc": 0.9389236545682103, "train_size": 799, "test_size": 2397}, "data/ionosphere.txt 0.25": {"time": 0.12974610328674316, "acc": 0.844318181818182, "train_size": 87, "test_size": 264}, "data/lymph.txt 0.25": {"time": 0.015153288841247559, "acc": 0.6387387387387387, "train_size": 37, "test_size": 111}, "data/soybean.txt 0.25": {"time": 0.14965031147003174, "acc": 0.8921775898520083, "train_size": 157, "test_size": 473}, "data/hypothyroid.txt 0.25": {"time": 0.28522865772247313, "acc": 0.9161740558292284, "train_size": 811, "test_size": 2436}, "data/primary-tumor.txt 0.25": {"time": 0.053406262397766115, "acc": 0.7468253968253968, "train_size": 84, "test_size": 252}, "data/vehicle.txt 0.25": {"time": 1.381298041343689, "acc": 0.92503937007874, "train_size": 211, "test_size": 635}, "data/australian-credit.txt 0.25": {"time": 1.9595807075500489, "acc": 0.836122448979592, "train_size": 163, "test_size": 490}, "data/anneal.txt 0.25": {"time": 3.323077368736267, "acc": 0.7988505747126436, "train_size": 203, "test_size": 609}, "data/hepatitis.txt 0.25": {"time": 0.010195350646972657, "acc": 0.7135922330097086, "train_size": 34, "test_size": 103}, "data/audiology.txt 0.25": {"time": 0.022890448570251465, "acc": 0.8802469135802469, "train_size": 54, "test_size": 162}, "data/heart-cleveland.txt 0.25": {"time": 0.0548814058303833, "acc": 0.7121621621621622, "train_size": 74, "test_size": 222}, "data/tic-tac-toe.txt 0.25": {"time": 0.1811577558517456, "acc": 0.7611961057023644, "train_size": 239, "test_size": 719}, "data/breast-wisconsin.txt 0.25": {"time": 0.08821744918823242, "acc": 0.9442495126705653, "train_size": 170, "test_size": 513}, "data/german-credit.txt 0.25": {"time": 9.135679364204407, "acc": 0.7070666666666666, "train_size": 250, "test_size": 750}}