{"version": 1.1, "data/mushroom.txt": {"time": 2.97569854259491, "acc": 0.9684511434511436, "train_size": 7694, "test_size": 1924}, "data/tic-tac-toe.txt": {"time": 2.761840319633484, "acc": 0.968814968814969, "train_size": 7694, "test_size": 1924}, "data/zoo-1.txt": {"time": 2.8157776832580566, "acc": 0.9684511434511434, "train_size": 7694, "test_size": 1924}, "data/vote.txt": {"time": 2.636663031578064, "acc": 0.9664760914760915, "train_size": 7694, "test_size": 1924}}