{"version": 1.2, "data/zoo-1.txt 0.8": {"time": 0.03004763126373291, "acc": 1.0, "train_size": 80, "test_size": 21}, "data/vote.txt 0.8": {"time": 0.10465431213378906, "acc": 0.9586206896551724, "train_size": 348, "test_size": 87}, "data/hypothyroid.txt 0.8": {"time": 0.5435307741165161, "acc": 0.9813846153846155, "train_size": 2597, "test_size": 650}, "data/tic-tac-toe.txt 0.8": {"time": 0.1318953037261963, "acc": 0.978125, "train_size": 766, "test_size": 192}, "data/mushroom.txt 0.8": {"time": 2.3846147537231444, "acc": 0.9996923076923077, "train_size": 6499, "test_size": 1625}}