{"version": 1.2, "data/zoo-1.txt 0.8": {"time": 0.030922961235046387, "acc": 1.0, "train_size": 80, "test_size": 21}, "data/vote.txt 0.8": {"time": 0.1113145112991333, "acc": 0.9436781609195402, "train_size": 348, "test_size": 87}, "data/hypothyroid.txt 0.8": {"time": 0.589783763885498, "acc": 0.9816923076923076, "train_size": 2597, "test_size": 650}, "data/tic-tac-toe.txt 0.8": {"time": 0.12933683395385742, "acc": 0.9786458333333334, "train_size": 766, "test_size": 192}, "data/mushroom.txt 0.8": {"time": 2.75514075756073, "acc": 0.9997538461538461, "train_size": 6499, "test_size": 1625}, "data/mushroom.txt 0.5": {"time": 1.3020228147506714, "acc": 0.9996799606105367, "train_size": 4062, "test_size": 4062}, "data/zoo-1.txt 0.5": {"time": 0.026047825813293457, "acc": 0.9941176470588236, "train_size": 50, "test_size": 51}, "data/vote.txt 0.5": {"time": 0.08324136734008789, "acc": 0.9422018348623853, "train_size": 217, "test_size": 218}}