{"version": 1.1, "data/mushroom.txt": {"time": 4.013838219642639, "acc": 0.9998769230769231, "train_size": 6499, "test_size": 1625}, "data/tic-tac-toe.txt": {"time": 0.21226902008056642, "acc": 0.975, "train_size": 766, "test_size": 192}, "data/zoo-1.txt": {"time": 0.06267998218536378, "acc": 1.0, "train_size": 80, "test_size": 21}, "data/vote.txt": {"time": 0.19356653690338135, "acc": 0.9597701149425287, "train_size": 348, "test_size": 87}, "data/splice-1.txt": {"time": 4.046101593971253, "acc": 0.9705329153605016, "train_size": 2552, "test_size": 638}, "data/hypothyroid.txt": {"time": 0.7515913724899292, "acc": 0.977076923076923, "train_size": 2597, "test_size": 650}}