{"version": 1.2, "data/zoo-1.txt 0.8": {"time": 0.030922961235046387, "acc": 1.0, "train_size": 80, "test_size": 21}, "data/vote.txt 0.8": {"time": 0.1113145112991333, "acc": 0.9436781609195402, "train_size": 348, "test_size": 87}, "data/hypothyroid.txt 0.8": {"time": 0.589783763885498, "acc": 0.9816923076923076, "train_size": 2597, "test_size": 650}, "data/tic-tac-toe.txt 0.8": {"time": 0.12933683395385742, "acc": 0.9786458333333334, "train_size": 766, "test_size": 192}, "data/mushroom.txt 0.8": {"time": 2.75514075756073, "acc": 0.9997538461538461, "train_size": 6499, "test_size": 1625}, "data/mushroom.txt 0.5": {"time": 1.2814470529556274, "acc": 0.9996061053668143, "train_size": 4062, "test_size": 4062}, "data/zoo-1.txt 0.5": {"time": 0.05273230314254761, "acc": 0.6627450980392158, "train_size": 50, "test_size": 51}, "data/vote.txt 0.5": {"time": 0.12437219619750976, "acc": 0.9509174311926605, "train_size": 217, "test_size": 218}, "data/mushroom.txt 0.25": {"time": 0.45872471332550047, "acc": 0.9987034301657639, "train_size": 2031, "test_size": 6093}, "data/zoo-1.txt 0.25": {"time": 0.05028071403503418, "acc": 0.9815789473684209, "train_size": 25, "test_size": 76}, "data/vote.txt 0.25": {"time": 0.06135725975036621, "acc": 0.9400611620795107, "train_size": 108, "test_size": 327}, "data/mushroom.txt 0.01": {"time": 0.055712532997131345, "acc": 0.9660201417381573, "train_size": 81, "test_size": 8043}, "data/tic-tac-toe.txt 0.01": {"time": 0.05649313926696777, "acc": 0.5790305584826132, "train_size": 9, "test_size": 949}, "data/tic-tac-toe.txt 0.25": {"time": 0.07540793418884277, "acc": 0.7486787204450626, "train_size": 239, "test_size": 719}, "data/tic-tac-toe.txt 0.5": {"time": 0.13622217178344725, "acc": 0.8559498956158663, "train_size": 479, "test_size": 479}, "data/tic-tac-toe.txt 0.75": {"time": 0.1826951026916504, "acc": 0.8604166666666666, "train_size": 718, "test_size": 240}, "data/audiology.txt 0.25": {"time": 0.06412250995635986, "acc": 0.9413580246913581, "train_size": 54, "test_size": 162}, "data/letter.txt 0.25": {"time": 3.034041690826416, "acc": 0.99128, "train_size": 5000, "test_size": 15000}, "data/pendigits.txt 0.25": {"time": 1.0131035089492797, "acc": 0.9947340330901975, "train_size": 1873, "test_size": 5621}, "data/yeast.txt 0.25": {"time": 0.1279299259185791, "acc": 0.7170709793351303, "train_size": 371, "test_size": 1113}, "data/splice-1.txt 0.25": {"time": 0.5337080717086792, "acc": 0.9252820727120767, "train_size": 797, "test_size": 2393}, "data/diabetes.txt 0.25": {"time": 0.1072504997253418, "acc": 0.7190972222222222, "train_size": 192, "test_size": 576}, "data/segment.txt 0.25": {"time": 0.28358209133148193, "acc": 0.9947489901904211, "train_size": 577, "test_size": 1733}, "data/kr-vs-kp.txt 0.25": {"time": 0.1630931615829468, "acc": 0.8733833959115561, "train_size": 799, "test_size": 2397}, "data/ionosphere.txt 0.25": {"time": 0.17347378730773927, "acc": 0.880681818181818, "train_size": 87, "test_size": 264}, "data/lymph.txt 0.25": {"time": 0.05988264083862305, "acc": 0.7783783783783784, "train_size": 37, "test_size": 111}, "data/soybean.txt 0.25": {"time": 0.08233695030212403, "acc": 0.9393234672304439, "train_size": 157, "test_size": 473}, "data/hypothyroid.txt 0.25": {"time": 0.17237374782562256, "acc": 0.952504105090312, "train_size": 811, "test_size": 2436}, "data/primary-tumor.txt 0.25": {"time": 0.07122561931610108, "acc": 0.7797619047619047, "train_size": 84, "test_size": 252}, "data/vehicle.txt 0.25": {"time": 0.16973209381103516, "acc": 0.9541732283464567, "train_size": 211, "test_size": 635}, "data/australian-credit.txt 0.25": {"time": 0.10398552417755128, "acc": 0.8508163265306123, "train_size": 163, "test_size": 490}, "data/anneal.txt 0.25": {"time": 0.08179173469543458, "acc": 0.8392446633825944, "train_size": 203, "test_size": 609}, "data/hepatitis.txt 0.25": {"time": 0.07426977157592773, "acc": 0.7980582524271843, "train_size": 34, "test_size": 103}, "data/heart-cleveland.txt 0.25": {"time": 0.08243231773376465, "acc": 0.7743243243243245, "train_size": 74, "test_size": 222}, "data/breast-wisconsin.txt 0.25": {"time": 0.1071671724319458, "acc": 0.9526315789473683, "train_size": 170, "test_size": 513}, "data/german-credit.txt 0.25": {"time": 0.11291255950927734, "acc": 0.7097333333333333, "train_size": 250, "test_size": 750}}