{"version": 1.1, "data/mushroom.txt": {"time": 2.1390978336334228, "acc": 1.0, "train_size": 6499, "test_size": 1625}, "data/tic-tac-toe.txt": {"time": 0.14479310512542726, "acc": 0.9744791666666668, "train_size": 766, "test_size": 192}, "data/zoo-1.txt": {"time": 3.5933841943740843, "acc": 0.9646049896049895, "train_size": 7694, "test_size": 1924}, "data/vote.txt": {"time": 3.6747427463531492, "acc": 0.9674636174636173, "train_size": 7694, "test_size": 1924}}