{"version": 1.2, "data/zoo-1.txt 0.8": {"time": 0.030922961235046387, "acc": 1.0, "train_size": 80, "test_size": 21}, "data/vote.txt 0.8": {"time": 0.1113145112991333, "acc": 0.9436781609195402, "train_size": 348, "test_size": 87}, "data/hypothyroid.txt 0.8": {"time": 0.589783763885498, "acc": 0.9816923076923076, "train_size": 2597, "test_size": 650}, "data/tic-tac-toe.txt 0.8": {"time": 0.12933683395385742, "acc": 0.9786458333333334, "train_size": 766, "test_size": 192}, "data/mushroom.txt 0.8": {"time": 2.75514075756073, "acc": 0.9997538461538461, "train_size": 6499, "test_size": 1625}, "data/mushroom.txt 0.5": {"time": 1.2814470529556274, "acc": 0.9996061053668143, "train_size": 4062, "test_size": 4062}, "data/zoo-1.txt 0.5": {"time": 0.04586701393127442, "acc": 1.0, "train_size": 50, "test_size": 51}, "data/vote.txt 0.5": {"time": 0.12437219619750976, "acc": 0.9509174311926605, "train_size": 217, "test_size": 218}, "data/mushroom.txt 0.25": {"time": 0.43178443908691405, "acc": 0.9991301493517148, "train_size": 2031, "test_size": 6093}, "data/zoo-1.txt 0.25": {"time": 0.11610805988311768, "acc": 0.9552631578947368, "train_size": 25, "test_size": 76}, "data/vote.txt 0.25": {"time": 0.06347060203552246, "acc": 0.9357798165137614, "train_size": 108, "test_size": 327}, "data/mushroom.txt 0.01": {"time": 0.055712532997131345, "acc": 0.9660201417381573, "train_size": 81, "test_size": 8043}, "data/tic-tac-toe.txt 0.01": {"time": 0.05649313926696777, "acc": 0.5790305584826132, "train_size": 9, "test_size": 949}, "data/tic-tac-toe.txt 0.25": {"time": 0.11266326904296875, "acc": 0.8465924895688456, "train_size": 239, "test_size": 719}, "data/tic-tac-toe.txt 0.5": {"time": 0.13622217178344725, "acc": 0.8559498956158663, "train_size": 479, "test_size": 479}, "data/tic-tac-toe.txt 0.75": {"time": 0.1826951026916504, "acc": 0.8604166666666666, "train_size": 718, "test_size": 240}, "data/audiology.txt 0.25": {"time": 0.0639606237411499, "acc": 0.8981481481481483, "train_size": 54, "test_size": 162}, "data/letter.txt 0.25": {"time": 3.260098028182983, "acc": 0.9908466666666665, "train_size": 5000, "test_size": 15000}}