{"version": 1.2, "data/zoo-1.txt 0.8": {"time": 0.030922961235046387, "acc": 1.0, "train_size": 80, "test_size": 21}, "data/vote.txt 0.8": {"time": 0.1113145112991333, "acc": 0.9436781609195402, "train_size": 348, "test_size": 87}, "data/hypothyroid.txt 0.8": {"time": 0.589783763885498, "acc": 0.9816923076923076, "train_size": 2597, "test_size": 650}, "data/tic-tac-toe.txt 0.8": {"time": 0.12933683395385742, "acc": 0.9786458333333334, "train_size": 766, "test_size": 192}, "data/mushroom.txt 0.8": {"time": 2.75514075756073, "acc": 0.9997538461538461, "train_size": 6499, "test_size": 1625}, "data/mushroom.txt 0.5": {"time": 1.2814470529556274, "acc": 0.9996061053668143, "train_size": 4062, "test_size": 4062}, "data/zoo-1.txt 0.5": {"time": 0.05273230314254761, "acc": 0.6627450980392158, "train_size": 50, "test_size": 51}, "data/vote.txt 0.5": {"time": 0.12437219619750976, "acc": 0.9509174311926605, "train_size": 217, "test_size": 218}, "data/mushroom.txt 0.25": {"time": 0.10779478549957275, "acc": 0.9976038076481206, "train_size": 2031, "test_size": 6093}, "data/zoo-1.txt 0.25": {"time": 0.009258723258972168, "acc": 0.9868421052631579, "train_size": 25, "test_size": 76}, "data/vote.txt 0.25": {"time": 0.0132399320602417, "acc": 0.9366972477064219, "train_size": 108, "test_size": 327}, "data/mushroom.txt 0.01": {"time": 0.055712532997131345, "acc": 0.9660201417381573, "train_size": 81, "test_size": 8043}, "data/tic-tac-toe.txt 0.01": {"time": 0.05649313926696777, "acc": 0.5790305584826132, "train_size": 9, "test_size": 949}, "data/tic-tac-toe.txt 0.25": {"time": 0.015786290168762207, "acc": 0.8121001390820585, "train_size": 239, "test_size": 719}, "data/tic-tac-toe.txt 0.5": {"time": 0.13622217178344725, "acc": 0.8559498956158663, "train_size": 479, "test_size": 479}, "data/tic-tac-toe.txt 0.75": {"time": 0.1826951026916504, "acc": 0.8604166666666666, "train_size": 718, "test_size": 240}, "data/audiology.txt 0.25": {"time": 0.012076449394226075, "acc": 0.937037037037037, "train_size": 54, "test_size": 162}, "data/letter.txt 0.25": {"time": 0.8618511915206909, "acc": 0.9837466666666668, "train_size": 5000, "test_size": 15000}, "data/pendigits.txt 0.25": {"time": 0.22653210163116455, "acc": 0.9937199786514854, "train_size": 1873, "test_size": 5621}, "data/yeast.txt 0.25": {"time": 0.032102441787719725, "acc": 0.709433962264151, "train_size": 371, "test_size": 1113}, "data/splice-1.txt 0.25": {"time": 0.21670949459075928, "acc": 0.9476389469285416, "train_size": 797, "test_size": 2393}, "data/diabetes.txt 0.25": {"time": 0.025437068939208985, "acc": 0.7472222222222222, "train_size": 192, "test_size": 576}, "data/segment.txt 0.25": {"time": 0.05911777019500732, "acc": 0.9968263127524525, "train_size": 577, "test_size": 1733}, "data/kr-vs-kp.txt 0.25": {"time": 0.03697381019592285, "acc": 0.9391322486441386, "train_size": 799, "test_size": 2397}, "data/ionosphere.txt 0.25": {"time": 0.04225089550018311, "acc": 0.878409090909091, "train_size": 87, "test_size": 264}, "data/lymph.txt 0.25": {"time": 0.012410640716552734, "acc": 0.7612612612612614, "train_size": 37, "test_size": 111}, "data/soybean.txt 0.25": {"time": 0.018715834617614745, "acc": 0.9293868921775899, "train_size": 157, "test_size": 473}, "data/hypothyroid.txt 0.25": {"time": 0.032903313636779785, "acc": 0.9786535303776682, "train_size": 811, "test_size": 2436}, "data/primary-tumor.txt 0.25": {"time": 0.014489507675170899, "acc": 0.7944444444444445, "train_size": 84, "test_size": 252}, "data/vehicle.txt 0.25": {"time": 0.039689159393310545, "acc": 0.940314960629921, "train_size": 211, "test_size": 635}, "data/australian-credit.txt 0.25": {"time": 0.023615932464599608, "acc": 0.8540816326530611, "train_size": 163, "test_size": 490}, "data/anneal.txt 0.25": {"time": 0.019911980628967284, "acc": 0.8367816091954022, "train_size": 203, "test_size": 609}, "data/hepatitis.txt 0.25": {"time": 0.011815762519836426, "acc": 0.8097087378640776, "train_size": 34, "test_size": 103}, "data/heart-cleveland.txt 0.25": {"time": 0.01776578426361084, "acc": 0.7747747747747749, "train_size": 74, "test_size": 222}, "data/breast-wisconsin.txt 0.25": {"time": 0.020749402046203614, "acc": 0.949122807017544, "train_size": 170, "test_size": 513}, "data/german-credit.txt 0.25": {"time": 0.027484774589538574, "acc": 0.7154666666666666, "train_size": 250, "test_size": 750}}