{"version": 1.1, "data/mushroom.txt": {"time": 3.31338746547699, "acc": 1.0, "train_size": 6499, "test_size": 1625}, "data/tic-tac-toe.txt": {"time": 0.148832368850708, "acc": 0.9760416666666666, "train_size": 766, "test_size": 192}, "data/zoo-1.txt": {"time": 0.03487961292266846, "acc": 1.0, "train_size": 80, "test_size": 21}, "data/vote.txt": {"time": 0.11688573360443115, "acc": 0.9574712643678162, "train_size": 348, "test_size": 87}}