{"version": 1.2, "data/zoo-1.txt 0.8": {"time": 0.030922961235046387, "acc": 1.0, "train_size": 80, "test_size": 21}, "data/vote.txt 0.8": {"time": 0.1113145112991333, "acc": 0.9436781609195402, "train_size": 348, "test_size": 87}, "data/hypothyroid.txt 0.8": {"time": 0.589783763885498, "acc": 0.9816923076923076, "train_size": 2597, "test_size": 650}, "data/tic-tac-toe.txt 0.8": {"time": 0.12933683395385742, "acc": 0.9786458333333334, "train_size": 766, "test_size": 192}, "data/mushroom.txt 0.8": {"time": 2.75514075756073, "acc": 0.9997538461538461, "train_size": 6499, "test_size": 1625}, "data/mushroom.txt 0.5": {"time": 1.2814470529556274, "acc": 0.9996061053668143, "train_size": 4062, "test_size": 4062}, "data/zoo-1.txt 0.5": {"time": 0.05273230314254761, "acc": 0.6627450980392158, "train_size": 50, "test_size": 51}, "data/vote.txt 0.5": {"time": 0.12437219619750976, "acc": 0.9509174311926605, "train_size": 217, "test_size": 218}, "data/mushroom.txt 0.25": {"time": 0.09941151142120361, "acc": 0.9886755292959133, "train_size": 2031, "test_size": 6093}, "data/zoo-1.txt 0.25": {"time": 0.008179378509521485, "acc": 0.9947368421052631, "train_size": 25, "test_size": 76}, "data/vote.txt 0.25": {"time": 0.013477182388305664, "acc": 0.9449541284403671, "train_size": 108, "test_size": 327}, "data/mushroom.txt 0.01": {"time": 0.055712532997131345, "acc": 0.9660201417381573, "train_size": 81, "test_size": 8043}, "data/tic-tac-toe.txt 0.01": {"time": 0.05649313926696777, "acc": 0.5790305584826132, "train_size": 9, "test_size": 949}, "data/tic-tac-toe.txt 0.25": {"time": 0.014231181144714356, "acc": 0.6976356050069541, "train_size": 239, "test_size": 719}, "data/tic-tac-toe.txt 0.5": {"time": 0.13622217178344725, "acc": 0.8559498956158663, "train_size": 479, "test_size": 479}, "data/tic-tac-toe.txt 0.75": {"time": 0.1826951026916504, "acc": 0.8604166666666666, "train_size": 718, "test_size": 240}, "data/audiology.txt 0.25": {"time": 0.012374448776245116, "acc": 0.9234567901234568, "train_size": 54, "test_size": 162}, "data/letter.txt 0.25": {"time": 0.7192437887191773, "acc": 0.9738533333333335, "train_size": 5000, "test_size": 15000}, "data/pendigits.txt 0.25": {"time": 0.21972177028656006, "acc": 0.9866571784380003, "train_size": 1873, "test_size": 5621}, "data/yeast.txt 0.25": {"time": 0.029737377166748048, "acc": 0.6929020664869723, "train_size": 371, "test_size": 1113}, "data/splice-1.txt 0.25": {"time": 0.12165708541870117, "acc": 0.9421646468867528, "train_size": 797, "test_size": 2393}, "data/diabetes.txt 0.25": {"time": 0.02114059925079346, "acc": 0.7369791666666667, "train_size": 192, "test_size": 576}, "data/segment.txt 0.25": {"time": 0.06554937362670898, "acc": 0.9888055395268323, "train_size": 577, "test_size": 1733}, "data/kr-vs-kp.txt 0.25": {"time": 0.04815917015075684, "acc": 0.9417188151856488, "train_size": 799, "test_size": 2397}, "data/ionosphere.txt 0.25": {"time": 0.03183114528656006, "acc": 0.8852272727272726, "train_size": 87, "test_size": 264}, "data/lymph.txt 0.25": {"time": 0.014463257789611817, "acc": 0.790990990990991, "train_size": 37, "test_size": 111}, "data/soybean.txt 0.25": {"time": 0.017023897171020506, "acc": 0.8930232558139535, "train_size": 157, "test_size": 473}, "data/hypothyroid.txt 0.25": {"time": 0.04771790504455566, "acc": 0.9789819376026271, "train_size": 811, "test_size": 2436}, "data/primary-tumor.txt 0.25": {"time": 0.011620545387268066, "acc": 0.7980158730158728, "train_size": 84, "test_size": 252}, "data/vehicle.txt 0.25": {"time": 0.04207534790039062, "acc": 0.9330708661417322, "train_size": 211, "test_size": 635}, "data/australian-credit.txt 0.25": {"time": 0.020736885070800782, "acc": 0.8555102040816326, "train_size": 163, "test_size": 490}, "data/anneal.txt 0.25": {"time": 0.0173919677734375, "acc": 0.8297208538587849, "train_size": 203, "test_size": 609}, "data/hepatitis.txt 0.25": {"time": 0.012012624740600586, "acc": 0.8126213592233009, "train_size": 34, "test_size": 103}, "data/heart-cleveland.txt 0.25": {"time": 0.014657187461853027, "acc": 0.7833333333333333, "train_size": 74, "test_size": 222}, "data/breast-wisconsin.txt 0.25": {"time": 0.019844913482666017, "acc": 0.9569200779727096, "train_size": 170, "test_size": 513}, "data/german-credit.txt 0.25": {"time": 0.023802018165588378, "acc": 0.714, "train_size": 250, "test_size": 750}}