{"data/mushroom.txt": {"time": 1.226835012435913, "acc": 0.9992614475627769}}