{"version": 1.2, "data/zoo-1.txt 0.8": {"time": 0.030922961235046387, "acc": 1.0, "train_size": 80, "test_size": 21}, "data/vote.txt 0.8": {"time": 0.1113145112991333, "acc": 0.9436781609195402, "train_size": 348, "test_size": 87}, "data/hypothyroid.txt 0.8": {"time": 0.589783763885498, "acc": 0.9816923076923076, "train_size": 2597, "test_size": 650}, "data/tic-tac-toe.txt 0.8": {"time": 0.12933683395385742, "acc": 0.9786458333333334, "train_size": 766, "test_size": 192}, "data/mushroom.txt 0.8": {"time": 2.75514075756073, "acc": 0.9997538461538461, "train_size": 6499, "test_size": 1625}, "data/mushroom.txt 0.5": {"time": 1.2814470529556274, "acc": 0.9996061053668143, "train_size": 4062, "test_size": 4062}, "data/zoo-1.txt 0.5": {"time": 0.04586701393127442, "acc": 1.0, "train_size": 50, "test_size": 51}, "data/vote.txt 0.5": {"time": 0.12437219619750976, "acc": 0.9509174311926605, "train_size": 217, "test_size": 218}, "data/mushroom.txt 0.25": {"time": 0.492469334602356, "acc": 0.9994912194321351, "train_size": 2031, "test_size": 6093}, "data/zoo-1.txt 0.25": {"time": 0.031335878372192386, "acc": 0.9960526315789474, "train_size": 25, "test_size": 76}, "data/vote.txt 0.25": {"time": 0.05859465599060058, "acc": 0.9397553516819572, "train_size": 108, "test_size": 327}, "data/mushroom.txt 0.01": {"time": 0.055712532997131345, "acc": 0.9660201417381573, "train_size": 81, "test_size": 8043}, "data/tic-tac-toe.txt 0.01": {"time": 0.05649313926696777, "acc": 0.5790305584826132, "train_size": 9, "test_size": 949}, "data/tic-tac-toe.txt 0.25": {"time": 0.07311520576477051, "acc": 0.8166898470097358, "train_size": 239, "test_size": 719}, "data/tic-tac-toe.txt 0.5": {"time": 0.13622217178344725, "acc": 0.8559498956158663, "train_size": 479, "test_size": 479}, "data/tic-tac-toe.txt 0.75": {"time": 0.1826951026916504, "acc": 0.8604166666666666, "train_size": 718, "test_size": 240}, "data/audiology.txt 0.25": {"time": 0.05889692306518555, "acc": 0.9030864197530863, "train_size": 54, "test_size": 162}, "data/letter.txt 0.25": {"time": 4.31542820930481, "acc": 0.9911266666666668, "train_size": 5000, "test_size": 15000}, "data/pendigits.txt 0.25": {"time": 1.014934515953064, "acc": 0.9959437822451521, "train_size": 1873, "test_size": 5621}, "data/yeast.txt 0.25": {"time": 0.12582910060882568, "acc": 0.7180592991913747, "train_size": 371, "test_size": 1113}, "data/splice-1.txt 0.25": {"time": 0.538637638092041, "acc": 0.9536564981195153, "train_size": 797, "test_size": 2393}, "data/diabetes.txt 0.25": {"time": 0.10823559761047363, "acc": 0.7276041666666668, "train_size": 192, "test_size": 576}, "data/segment.txt 0.25": {"time": 0.2754522800445557, "acc": 0.9969417195614542, "train_size": 577, "test_size": 1733}, "data/kr-vs-kp.txt 0.25": {"time": 0.1644653558731079, "acc": 0.9217772215269087, "train_size": 799, "test_size": 2397}, "data/ionosphere.txt 0.25": {"time": 0.16044919490814208, "acc": 0.8875, "train_size": 87, "test_size": 264}, "data/lymph.txt 0.25": {"time": 0.05552194118499756, "acc": 0.7648648648648648, "train_size": 37, "test_size": 111}, "data/soybean.txt 0.25": {"time": 0.07205755710601806, "acc": 0.9268498942917546, "train_size": 157, "test_size": 473}, "data/hypothyroid.txt 0.25": {"time": 0.1642289638519287, "acc": 0.9677339901477833, "train_size": 811, "test_size": 2436}, "data/primary-tumor.txt 0.25": {"time": 0.05812571048736572, "acc": 0.7619047619047619, "train_size": 84, "test_size": 252}, "data/vehicle.txt 0.25": {"time": 0.16948261260986328, "acc": 0.9533858267716535, "train_size": 211, "test_size": 635}, "data/australian-credit.txt 0.25": {"time": 0.09823884963989257, "acc": 0.84734693877551, "train_size": 163, "test_size": 490}, "data/anneal.txt 0.25": {"time": 0.08148062229156494, "acc": 0.8533661740558293, "train_size": 203, "test_size": 609}, "data/hepatitis.txt 0.25": {"time": 0.05068900585174561, "acc": 0.8067961165048544, "train_size": 34, "test_size": 103}, "data/heart-cleveland.txt 0.25": {"time": 0.0724531888961792, "acc": 0.7490990990990991, "train_size": 74, "test_size": 222}, "data/breast-wisconsin.txt 0.25": {"time": 0.08587503433227539, "acc": 0.952046783625731, "train_size": 170, "test_size": 513}, "data/german-credit.txt 0.25": {"time": 0.11208770275115967, "acc": 0.7148, "train_size": 250, "test_size": 750}}