{"version": 1.2, "data/tic-tac-toe.txt 0.5": {"time": 5469.926406884193, "acc": 0.880375782881002, "train_size": 479, "test_size": 479}, "data/tic-tac-toe.txt 0.1": {"time": 65.45978128910065, "acc": 0.7841251448435689, "train_size": 95, "test_size": 863}, "data/mushroom.txt 0.1": {"time": 56.3443820476532, "acc": 0.9974015317286652, "train_size": 812, "test_size": 7312}, "data/tic-tac-toe.txt 0.01": {"time": 0.0060820341110229496, "acc": 0.5350895679662805, "train_size": 9, "test_size": 949}, "data/tic-tac-toe.txt 0.02": {"time": 0.02782893180847168, "acc": 490.0, "train_size": 19, "test_size": 939}, "data/tic-tac-toe.txt 0.03": {"time": 2.685713052749634, "acc": 598.0, "train_size": 28, "test_size": 930}, "data/tic-tac-toe.txt 0.25": {"time": 6.170033740997314, "acc": 0.8500695410292073, "train_size": 239, "test_size": 719}, "data/mushroom.txt 0.0125": {"time": 356.40985169410703, "acc": 0.954530724168017, "train_size": 101, "test_size": 8023}, "data/mushroom.txt 0.01": {"time": 0.04471297264099121, "acc": 0.9392888225786399, "train_size": 81, "test_size": 8043}, "data/tic-tac-toe.txt 0.05": {"time": 0.05516839027404785, "acc": 0.6823271130625685, "train_size": 47, "test_size": 911}, "data/zoo-1.txt 0.01": {"time": 0.002707695960998535, "acc": 0.514, "train_size": 1, "test_size": 100}, "data/vote.txt 0.01": {"time": 0.004117298126220703, "acc": 0.6589327146171693, "train_size": 4, "test_size": 431}, "data/hypothyroid.txt 0.01": {"time": 0.014965033531188965, "acc": 0.9129393468118197, "train_size": 32, "test_size": 3215}, "data/tic-tac-toe.txt 0.75": {"time": 7657.03095111847, "acc": 0.8616666666666667, "train_size": 718, "test_size": 240}, "data/zoo-1.txt 0.25": {"time": 0.009552097320556641, "acc": 0.9539473684210525, "train_size": 25, "test_size": 76}, "data/zoo-1.txt 0.5": {"time": 0.5452449321746826, "acc": 0.5354901960784317, "train_size": 50, "test_size": 51}, "data/vote.txt 0.25": {"time": 0.25585317611694336, "acc": 0.9250764525993883, "train_size": 108, "test_size": 327}, "data/audiology.txt 0.25": {"time": 0.23307521343231202, "acc": 0.9296296296296294, "train_size": 54, "test_size": 162}, "data/mushroom.txt 0.25": {"time": 17.854677939414977, "acc": 0.9989988511406531, "train_size": 2031, "test_size": 6093}, "data/letter.txt 0.25": {"time": 2589.297434878349, "acc": 0.9041133333333333, "train_size": 5000, "test_size": 15000}, "data/pendigits.txt 0.25": {"time": 174.18356549739838, "acc": 0.9921722113502935, "train_size": 1873, "test_size": 5621}, "data/yeast.txt 0.25": {"time": 292.8026467561722, "acc": 0.5264150943396226, "train_size": 371, "test_size": 1113}, "data/splice-1.txt 0.25": {"time": 1298.1900729894637, "acc": 0.9038445465942331, "train_size": 797, "test_size": 2393}, "data/diabetes.txt 0.25": {"time": 120.86256542205811, "acc": 0.6817708333333334, "train_size": 192, "test_size": 576}, "data/segment.txt 0.25": {"time": 0.7520334959030152, "acc": 0.9932487016733986, "train_size": 577, "test_size": 1733}, "data/kr-vs-kp.txt 0.25": {"time": 148.36229104995726, "acc": 0.919482686691698, "train_size": 799, "test_size": 2397}, "data/ionosphere.txt 0.25": {"time": 55.908942866325376, "acc": 0.8363636363636363, "train_size": 87, "test_size": 264}, "data/lymph.txt 0.25": {"time": 0.051588129997253415, "acc": 0.7396396396396396, "train_size": 37, "test_size": 111}, "data/soybean.txt 0.25": {"time": 1.4860530138015746, "acc": 0.7181818181818181, "train_size": 157, "test_size": 473}, "data/hypothyroid.txt 0.25": {"time": 73.24188430309296, "acc": 0.9592364532019705, "train_size": 811, "test_size": 2436}, "data/primary-tumor.txt 0.25": {"time": 0.5634762287139893, "acc": 0.6404761904761904, "train_size": 84, "test_size": 252}, "data/vehicle.txt 0.25": {"time": 35.96230008602142, "acc": 0.9040944881889763, "train_size": 211, "test_size": 635}, "data/australian-credit.txt 0.25": {"time": 30.66167278289795, "acc": 0.7859183673469389, "train_size": 163, "test_size": 490}, "data/anneal.txt 0.25": {"time": 11.385566663742065, "acc": 0.6942528735632184, "train_size": 203, "test_size": 609}, "data/hepatitis.txt 0.25": {"time": 0.0787053108215332, "acc": 0.7679611650485436, "train_size": 34, "test_size": 103}, "data/heart-cleveland.txt 0.25": {"time": 2.5633506059646605, "acc": 0.754054054054054, "train_size": 74, "test_size": 222}, "data/breast-wisconsin.txt 0.25": {"time": 2.6062653064727783, "acc": 0.938011695906433, "train_size": 170, "test_size": 513}, "data/german-credit.txt 0.25": {"time": 146.664989733696, "acc": 0.6699999999999999, "train_size": 250, "test_size": 750}}