{"version": 1.2, "data/tic-tac-toe.txt 0.5": {"time": 5469.926406884193, "acc": 0.880375782881002, "train_size": 479, "test_size": 479}, "data/tic-tac-toe.txt 0.1": {"time": 65.45978128910065, "acc": 0.7841251448435689, "train_size": 95, "test_size": 863}, "data/mushroom.txt 0.1": {"time": 56.3443820476532, "acc": 0.9974015317286652, "train_size": 812, "test_size": 7312}, "data/tic-tac-toe.txt 0.01": {"time": 0.0060820341110229496, "acc": 0.5350895679662805, "train_size": 9, "test_size": 949}, "data/tic-tac-toe.txt 0.02": {"time": 0.02782893180847168, "acc": 490.0, "train_size": 19, "test_size": 939}, "data/tic-tac-toe.txt 0.03": {"time": 2.685713052749634, "acc": 598.0, "train_size": 28, "test_size": 930}, "data/tic-tac-toe.txt 0.25": {"time": 3.700291562080383, "acc": 0.8401947148817801, "train_size": 239, "test_size": 719}, "data/mushroom.txt 0.0125": {"time": 356.40985169410703, "acc": 0.954530724168017, "train_size": 101, "test_size": 8023}, "data/mushroom.txt 0.01": {"time": 0.04471297264099121, "acc": 0.9392888225786399, "train_size": 81, "test_size": 8043}, "data/tic-tac-toe.txt 0.05": {"time": 0.05516839027404785, "acc": 0.6823271130625685, "train_size": 47, "test_size": 911}, "data/zoo-1.txt 0.01": {"time": 0.002707695960998535, "acc": 0.514, "train_size": 1, "test_size": 100}, "data/vote.txt 0.01": {"time": 0.004117298126220703, "acc": 0.6589327146171693, "train_size": 4, "test_size": 431}, "data/hypothyroid.txt 0.01": {"time": 0.014965033531188965, "acc": 0.9129393468118197, "train_size": 32, "test_size": 3215}, "data/tic-tac-toe.txt 0.75": {"time": 7657.03095111847, "acc": 0.8616666666666667, "train_size": 718, "test_size": 240}, "data/zoo-1.txt 0.25": {"time": 0.009765005111694336, "acc": 0.9605263157894737, "train_size": 25, "test_size": 76}, "data/zoo-1.txt 0.5": {"time": 0.5452449321746826, "acc": 0.5354901960784317, "train_size": 50, "test_size": 51}, "data/vote.txt 0.25": {"time": 0.145875883102417, "acc": 0.9177370030581038, "train_size": 108, "test_size": 327}, "data/audiology.txt 0.25": {"time": 0.19429371356964112, "acc": 0.9191358024691356, "train_size": 54, "test_size": 162}, "data/mushroom.txt 0.25": {"time": 5.169269013404846, "acc": 0.9990809125225668, "train_size": 2031, "test_size": 6093}, "data/letter.txt 0.25": {"time": 4374.669822287559, "acc": 0.9876333333333335, "train_size": 5000, "test_size": 15000}, "data/pendigits.txt 0.25": {"time": 158.9259655714035, "acc": 0.9924568582102828, "train_size": 1873, "test_size": 5621}, "data/yeast.txt 0.25": {"time": 482.64895696640014, "acc": 0.6644204851752021, "train_size": 371, "test_size": 1113}, "data/splice-1.txt 0.25": {"time": 1194.0514724969864, "acc": 0.9096949435854575, "train_size": 797, "test_size": 2393}, "data/diabetes.txt 0.25": {"time": 127.58494997024536, "acc": 0.6873263888888888, "train_size": 192, "test_size": 576}, "data/segment.txt 0.25": {"time": 0.6646502494812012, "acc": 0.9954991344489323, "train_size": 577, "test_size": 1733}, "data/kr-vs-kp.txt 0.25": {"time": 169.0008178949356, "acc": 0.964956195244055, "train_size": 799, "test_size": 2397}, "data/ionosphere.txt 0.25": {"time": 39.495701336860655, "acc": 0.8261363636363637, "train_size": 87, "test_size": 264}, "data/lymph.txt 0.25": {"time": 0.1067246675491333, "acc": 0.6963963963963964, "train_size": 37, "test_size": 111}, "data/soybean.txt 0.25": {"time": 2.478923296928406, "acc": 0.9266384778012686, "train_size": 157, "test_size": 473}, "data/hypothyroid.txt 0.25": {"time": 182.87610573768615, "acc": 0.9697865353037767, "train_size": 811, "test_size": 2436}, "data/primary-tumor.txt 0.25": {"time": 0.5698517322540283, "acc": 0.7321428571428572, "train_size": 84, "test_size": 252}, "data/vehicle.txt 0.25": {"time": 29.782871985435484, "acc": 0.9253543307086612, "train_size": 211, "test_size": 635}, "data/australian-credit.txt 0.25": {"time": 26.23388080596924, "acc": 0.8061224489795921, "train_size": 163, "test_size": 490}, "data/anneal.txt 0.25": {"time": 70.3916092157364, "acc": 0.8050903119868638, "train_size": 203, "test_size": 609}, "data/hepatitis.txt 0.25": {"time": 0.09434781074523926, "acc": 0.8087378640776699, "train_size": 34, "test_size": 103}, "data/heart-cleveland.txt 0.25": {"time": 1.848012638092041, "acc": 0.7229729729729729, "train_size": 74, "test_size": 222}, "data/breast-wisconsin.txt 0.25": {"time": 1.293007254600525, "acc": 0.9339181286549707, "train_size": 170, "test_size": 513}, "data/german-credit.txt 0.25": {"time": 206.72849905490875, "acc": 0.6730666666666667, "train_size": 250, "test_size": 750}}