{"version": 1.2, "data/tic-tac-toe.txt 0.5": {"time": 5469.926406884193, "acc": 0.880375782881002, "train_size": 479, "test_size": 479}, "data/tic-tac-toe.txt 0.1": {"time": 65.45978128910065, "acc": 0.7841251448435689, "train_size": 95, "test_size": 863}, "data/mushroom.txt 0.1": {"time": 56.3443820476532, "acc": 0.9974015317286652, "train_size": 812, "test_size": 7312}, "data/tic-tac-toe.txt 0.01": {"time": 0.0060820341110229496, "acc": 0.5350895679662805, "train_size": 9, "test_size": 949}, "data/tic-tac-toe.txt 0.02": {"time": 0.02782893180847168, "acc": 490.0, "train_size": 19, "test_size": 939}, "data/tic-tac-toe.txt 0.03": {"time": 2.685713052749634, "acc": 598.0, "train_size": 28, "test_size": 930}, "data/tic-tac-toe.txt 0.25": {"time": 14.901835060119629, "acc": 0.7492350486787205, "train_size": 239, "test_size": 719}, "data/mushroom.txt 0.0125": {"time": 356.40985169410703, "acc": 0.954530724168017, "train_size": 101, "test_size": 8023}, "data/mushroom.txt 0.01": {"time": 0.04471297264099121, "acc": 0.9392888225786399, "train_size": 81, "test_size": 8043}, "data/tic-tac-toe.txt 0.05": {"time": 0.05516839027404785, "acc": 0.6823271130625685, "train_size": 47, "test_size": 911}, "data/zoo-1.txt 0.01": {"time": 0.002707695960998535, "acc": 0.514, "train_size": 1, "test_size": 100}, "data/vote.txt 0.01": {"time": 0.004117298126220703, "acc": 0.6589327146171693, "train_size": 4, "test_size": 431}, "data/hypothyroid.txt 0.01": {"time": 0.014965033531188965, "acc": 0.9129393468118197, "train_size": 32, "test_size": 3215}, "data/tic-tac-toe.txt 0.75": {"time": 7657.03095111847, "acc": 0.8616666666666667, "train_size": 718, "test_size": 240}, "data/zoo-1.txt 0.25": {"time": 0.00520172119140625, "acc": 0.95, "train_size": 25, "test_size": 76}, "data/zoo-1.txt 0.5": {"time": 0.013322067260742188, "acc": 0.9843137254901961, "train_size": 50, "test_size": 51}, "data/vote.txt 0.25": {"time": 2.8220431089401243, "acc": 0.9336391437308869, "train_size": 108, "test_size": 327}, "data/audiology.txt 0.25": {"time": 2.626688814163208, "acc": 0.8882716049382717, "train_size": 54, "test_size": 162}, "data/mushroom.txt 0.25": {"time": 255.96761186122893, "acc": 0.9998030526834072, "train_size": 2031, "test_size": 6093}, "data/letter.txt 0.25": {"time": 3254.407140183449, "acc": 0.9919, "train_size": 5000, "test_size": 15000}, "data/pendigits.txt 0.25": {"time": 538.78098051548, "acc": 0.9959971535314003, "train_size": 1873, "test_size": 5621}, "data/yeast.txt 0.25": {"time": 67.54451110363007, "acc": 0.6069182389937107, "train_size": 371, "test_size": 1113}, "data/splice-1.txt 0.25": {"time": 429.1561700820923, "acc": 0.8896364396155454, "train_size": 797, "test_size": 2393}, "data/diabetes.txt 0.25": {"time": 29.54703505039215, "acc": 0.6852430555555555, "train_size": 192, "test_size": 576}, "data/segment.txt 0.25": {"time": 86.87572104930878, "acc": 0.9975764570109638, "train_size": 577, "test_size": 1733}, "data/kr-vs-kp.txt 0.25": {"time": 61.120910263061525, "acc": 0.6784313725490196, "train_size": 799, "test_size": 2397}, "data/ionosphere.txt 0.25": {"time": 72.83729345798493, "acc": 0.8734848484848484, "train_size": 87, "test_size": 264}, "data/lymph.txt 0.25": {"time": 1.7808725357055664, "acc": 0.7666666666666666, "train_size": 37, "test_size": 111}, "data/soybean.txt 0.25": {"time": 6.305480599403381, "acc": 0.849894291754757, "train_size": 157, "test_size": 473}, "data/hypothyroid.txt 0.25": {"time": 63.95457284450531, "acc": 0.9565681444991789, "train_size": 811, "test_size": 2436}, "data/primary-tumor.txt 0.25": {"time": 1.8149795293807984, "acc": 0.6773809523809524, "train_size": 84, "test_size": 252}, "data/vehicle.txt 0.25": {"time": 72.87243313789368, "acc": 0.955748031496063, "train_size": 211, "test_size": 635}, "data/australian-credit.txt 0.25": {"time": 20.22215347290039, "acc": 0.8161224489795919, "train_size": 163, "test_size": 490}, "data/anneal.txt 0.25": {"time": 5.001157355308533, "acc": 0.7855500821018062, "train_size": 203, "test_size": 609}, "data/hepatitis.txt 0.25": {"time": 1.5529719114303588, "acc": 0.795145631067961, "train_size": 34, "test_size": 103}, "data/heart-cleveland.txt 0.25": {"time": 6.442173647880554, "acc": 0.7621621621621621, "train_size": 74, "test_size": 222}, "data/breast-wisconsin.txt 0.25": {"time": 14.052327036857605, "acc": 0.9530214424951268, "train_size": 170, "test_size": 513}, "data/german-credit.txt 0.25": {"time": 40.27193171977997, "acc": 0.6728, "train_size": 250, "test_size": 750}}