{"version": 1.2, "data/tic-tac-toe.txt 0.5": {"time": 5469.926406884193, "acc": 0.880375782881002, "train_size": 479, "test_size": 479}, "data/tic-tac-toe.txt 0.1": {"time": 65.45978128910065, "acc": 0.7841251448435689, "train_size": 95, "test_size": 863}, "data/mushroom.txt 0.1": {"time": 56.3443820476532, "acc": 0.9974015317286652, "train_size": 812, "test_size": 7312}, "data/tic-tac-toe.txt 0.01": {"time": 0.0060820341110229496, "acc": 0.5350895679662805, "train_size": 9, "test_size": 949}, "data/tic-tac-toe.txt 0.02": {"time": 0.02782893180847168, "acc": 490.0, "train_size": 19, "test_size": 939}, "data/tic-tac-toe.txt 0.03": {"time": 2.685713052749634, "acc": 598.0, "train_size": 28, "test_size": 930}, "data/tic-tac-toe.txt 0.25": {"time": 10.803628373146058, "acc": 0.7079276773296244, "train_size": 239, "test_size": 719}, "data/mushroom.txt 0.0125": {"time": 356.40985169410703, "acc": 0.954530724168017, "train_size": 101, "test_size": 8023}, "data/mushroom.txt 0.01": {"time": 0.04471297264099121, "acc": 0.9392888225786399, "train_size": 81, "test_size": 8043}, "data/tic-tac-toe.txt 0.05": {"time": 0.05516839027404785, "acc": 0.6823271130625685, "train_size": 47, "test_size": 911}, "data/zoo-1.txt 0.01": {"time": 0.002707695960998535, "acc": 0.514, "train_size": 1, "test_size": 100}, "data/vote.txt 0.01": {"time": 0.004117298126220703, "acc": 0.6589327146171693, "train_size": 4, "test_size": 431}, "data/hypothyroid.txt 0.01": {"time": 0.014965033531188965, "acc": 0.9129393468118197, "train_size": 32, "test_size": 3215}, "data/tic-tac-toe.txt 0.75": {"time": 7657.03095111847, "acc": 0.8616666666666667, "train_size": 718, "test_size": 240}, "data/zoo-1.txt 0.25": {"time": 0.008304810523986817, "acc": 0.9513157894736842, "train_size": 25, "test_size": 76}, "data/zoo-1.txt 0.5": {"time": 0.5452449321746826, "acc": 0.5354901960784317, "train_size": 50, "test_size": 51}, "data/vote.txt 0.25": {"time": 0.15833566188812256, "acc": 0.91651376146789, "train_size": 108, "test_size": 327}, "data/audiology.txt 0.25": {"time": 37.447433185577395, "acc": 0.921604938271605, "train_size": 54, "test_size": 162}, "data/mushroom.txt 0.25": {"time": 395.3626708984375, "acc": 0.991482028557361, "train_size": 2031, "test_size": 6093}, "data/letter.txt 0.25": {"time": 2651.5083042860033, "acc": 0.98784, "train_size": 5000, "test_size": 15000}, "data/pendigits.txt 0.25": {"time": 404.883940076828, "acc": 0.9928838285002668, "train_size": 1873, "test_size": 5621}, "data/yeast.txt 0.25": {"time": 422.2077311038971, "acc": 0.6574123989218329, "train_size": 371, "test_size": 1113}, "data/splice-1.txt 0.25": {"time": 8846.953775429725, "acc": 0.804346009193481, "train_size": 797, "test_size": 2393}, "data/diabetes.txt 0.25": {"time": 154.424187207222, "acc": 0.6786458333333334, "train_size": 192, "test_size": 576}, "data/segment.txt 0.25": {"time": 2.9391787528991697, "acc": 0.9899019042123486, "train_size": 577, "test_size": 1733}, "data/kr-vs-kp.txt 0.25": {"time": 316.88540863990784, "acc": 0.5659991656236965, "train_size": 799, "test_size": 2397}, "data/ionosphere.txt 0.25": {"time": 71.57802281379699, "acc": 0.8378787878787879, "train_size": 87, "test_size": 264}, "data/lymph.txt 0.25": {"time": 0.04520988464355469, "acc": 0.6963963963963964, "train_size": 37, "test_size": 111}, "data/soybean.txt 0.25": {"time": 3.7126697301864624, "acc": 0.9236786469344608, "train_size": 157, "test_size": 473}, "data/hypothyroid.txt 0.25": {"time": 59.8314435005188, "acc": 0.9071839080459771, "train_size": 811, "test_size": 2436}, "data/primary-tumor.txt 0.25": {"time": 1.3908003568649292, "acc": 0.7761904761904761, "train_size": 84, "test_size": 252}, "data/vehicle.txt 0.25": {"time": 40.051169466972354, "acc": 0.9170078740157479, "train_size": 211, "test_size": 635}, "data/australian-credit.txt 0.25": {"time": 13.758939933776855, "acc": 0.8016326530612246, "train_size": 163, "test_size": 490}, "data/anneal.txt 0.25": {"time": 44.591765785217284, "acc": 0.7231527093596058, "train_size": 203, "test_size": 609}, "data/hepatitis.txt 0.25": {"time": 0.05756423473358154, "acc": 0.7281553398058253, "train_size": 34, "test_size": 103}, "data/heart-cleveland.txt 0.25": {"time": 1.6884306430816651, "acc": 0.7103603603603603, "train_size": 74, "test_size": 222}, "data/breast-wisconsin.txt 0.25": {"time": 1.0887502670288085, "acc": 0.9321637426900585, "train_size": 170, "test_size": 513}, "data/german-credit.txt 0.25": {"time": 223.45847141742706, "acc": 0.6569333333333331, "train_size": 250, "test_size": 750}}