{"version": 1.2, "data/tic-tac-toe.txt 0.5": {"time": 5469.926406884193, "acc": 0.880375782881002, "train_size": 479, "test_size": 479}, "data/tic-tac-toe.txt 0.1": {"time": 65.45978128910065, "acc": 0.7841251448435689, "train_size": 95, "test_size": 863}, "data/mushroom.txt 0.1": {"time": 56.3443820476532, "acc": 0.9974015317286652, "train_size": 812, "test_size": 7312}, "data/tic-tac-toe.txt 0.01": {"time": 0.0060820341110229496, "acc": 0.5350895679662805, "train_size": 9, "test_size": 949}, "data/tic-tac-toe.txt 0.02": {"time": 0.02782893180847168, "acc": 490.0, "train_size": 19, "test_size": 939}, "data/tic-tac-toe.txt 0.03": {"time": 2.685713052749634, "acc": 598.0, "train_size": 28, "test_size": 930}, "data/tic-tac-toe.txt 0.25": {"time": 4.763638734817505, "acc": 0.8048678720445063, "train_size": 239, "test_size": 719}, "data/mushroom.txt 0.0125": {"time": 356.40985169410703, "acc": 0.954530724168017, "train_size": 101, "test_size": 8023}, "data/mushroom.txt 0.01": {"time": 0.04471297264099121, "acc": 0.9392888225786399, "train_size": 81, "test_size": 8043}, "data/tic-tac-toe.txt 0.05": {"time": 0.05516839027404785, "acc": 0.6823271130625685, "train_size": 47, "test_size": 911}, "data/zoo-1.txt 0.01": {"time": 0.002707695960998535, "acc": 0.514, "train_size": 1, "test_size": 100}, "data/vote.txt 0.01": {"time": 0.004117298126220703, "acc": 0.6589327146171693, "train_size": 4, "test_size": 431}, "data/hypothyroid.txt 0.01": {"time": 0.014965033531188965, "acc": 0.9129393468118197, "train_size": 32, "test_size": 3215}, "data/tic-tac-toe.txt 0.75": {"time": 7657.03095111847, "acc": 0.8616666666666667, "train_size": 718, "test_size": 240}, "data/zoo-1.txt 0.25": {"time": 0.00757756233215332, "acc": 0.9578947368421054, "train_size": 25, "test_size": 76}, "data/zoo-1.txt 0.5": {"time": 0.5452449321746826, "acc": 0.5354901960784317, "train_size": 50, "test_size": 51}, "data/vote.txt 0.25": {"time": 0.4911242961883545, "acc": 0.9256880733944955, "train_size": 108, "test_size": 327}, "data/audiology.txt 0.25": {"time": 0.34992921352386475, "acc": 0.9203703703703704, "train_size": 54, "test_size": 162}, "data/mushroom.txt 0.25": {"time": 43.753566312789914, "acc": 0.9993599212210732, "train_size": 2031, "test_size": 6093}, "data/letter.txt 0.25": {"time": 1654.6757318973541, "acc": 0.9877333333333332, "train_size": 5000, "test_size": 15000}, "data/pendigits.txt 0.25": {"time": 147.97069520950316, "acc": 0.9938800925102296, "train_size": 1873, "test_size": 5621}, "data/yeast.txt 0.25": {"time": 52.14937009811401, "acc": 0.6697214734950585, "train_size": 371, "test_size": 1113}, "data/splice-1.txt 0.25": {"time": 185.77458682060242, "acc": 0.8959047221061429, "train_size": 797, "test_size": 2393}, "data/diabetes.txt 0.25": {"time": 12.71881308555603, "acc": 0.6826388888888888, "train_size": 192, "test_size": 576}, "data/segment.txt 0.25": {"time": 1.7861416339874268, "acc": 0.9938257357184075, "train_size": 577, "test_size": 1733}, "data/kr-vs-kp.txt 0.25": {"time": 31.201938223838805, "acc": 0.9586149353358365, "train_size": 799, "test_size": 2397}, "data/ionosphere.txt 0.25": {"time": 4.966120672225952, "acc": 0.8541666666666667, "train_size": 87, "test_size": 264}, "data/lymph.txt 0.25": {"time": 0.1807692050933838, "acc": 0.7360360360360358, "train_size": 37, "test_size": 111}, "data/soybean.txt 0.25": {"time": 1.4971256494522094, "acc": 0.9232558139534884, "train_size": 157, "test_size": 473}, "data/hypothyroid.txt 0.25": {"time": 29.0439857006073, "acc": 0.9667898193760264, "train_size": 811, "test_size": 2436}, "data/primary-tumor.txt 0.25": {"time": 0.5113846302032471, "acc": 0.7376984126984126, "train_size": 84, "test_size": 252}, "data/vehicle.txt 0.25": {"time": 19.897691798210143, "acc": 0.9329133858267715, "train_size": 211, "test_size": 635}, "data/australian-credit.txt 0.25": {"time": 6.907260513305664, "acc": 0.8079591836734693, "train_size": 163, "test_size": 490}, "data/anneal.txt 0.25": {"time": 6.662972092628479, "acc": 0.7513957307060755, "train_size": 203, "test_size": 609}, "data/hepatitis.txt 0.25": {"time": 0.14249072074890137, "acc": 0.8029126213592231, "train_size": 34, "test_size": 103}, "data/heart-cleveland.txt 0.25": {"time": 1.5686467170715332, "acc": 0.7355855855855855, "train_size": 74, "test_size": 222}, "data/breast-wisconsin.txt 0.25": {"time": 1.3355813026428223, "acc": 0.950682261208577, "train_size": 170, "test_size": 513}, "data/german-credit.txt 0.25": {"time": 17082.694529652596, "acc": 0.7116000000000001, "train_size": 250, "test_size": 750}}