{"version": 1.2, "data/tic-tac-toe.txt 0.5": {"time": 5469.926406884193, "acc": 0.880375782881002, "train_size": 479, "test_size": 479}, "data/tic-tac-toe.txt 0.1": {"time": 65.45978128910065, "acc": 0.7841251448435689, "train_size": 95, "test_size": 863}, "data/mushroom.txt 0.1": {"time": 56.3443820476532, "acc": 0.9974015317286652, "train_size": 812, "test_size": 7312}, "data/tic-tac-toe.txt 0.01": {"time": 0.0060820341110229496, "acc": 0.5350895679662805, "train_size": 9, "test_size": 949}, "data/tic-tac-toe.txt 0.02": {"time": 0.02782893180847168, "acc": 490.0, "train_size": 19, "test_size": 939}, "data/tic-tac-toe.txt 0.03": {"time": 2.685713052749634, "acc": 598.0, "train_size": 28, "test_size": 930}, "data/tic-tac-toe.txt 0.25": {"time": 451.1660538673401, "acc": 0.8424200278164118, "train_size": 239, "test_size": 719}, "data/mushroom.txt 0.0125": {"time": 356.40985169410703, "acc": 0.954530724168017, "train_size": 101, "test_size": 8023}, "data/mushroom.txt 0.01": {"time": 0.04471297264099121, "acc": 0.9392888225786399, "train_size": 81, "test_size": 8043}, "data/tic-tac-toe.txt 0.05": {"time": 0.05516839027404785, "acc": 0.6823271130625685, "train_size": 47, "test_size": 911}, "data/zoo-1.txt 0.01": {"time": 0.002707695960998535, "acc": 0.514, "train_size": 1, "test_size": 100}, "data/vote.txt 0.01": {"time": 0.004117298126220703, "acc": 0.6589327146171693, "train_size": 4, "test_size": 431}, "data/hypothyroid.txt 0.01": {"time": 0.014965033531188965, "acc": 0.9129393468118197, "train_size": 32, "test_size": 3215}, "data/tic-tac-toe.txt 0.75": {"time": 7657.03095111847, "acc": 0.8616666666666667, "train_size": 718, "test_size": 240}, "data/zoo-1.txt 0.25": {"time": 0.008516931533813476, "acc": 0.9539473684210525, "train_size": 25, "test_size": 76}, "data/zoo-1.txt 0.5": {"time": 0.013322067260742188, "acc": 0.9843137254901961, "train_size": 50, "test_size": 51}, "data/vote.txt 0.25": {"time": 38.5910808801651, "acc": 0.9238532110091742, "train_size": 108, "test_size": 327}}