{"version": 1.2, "data/tic-tac-toe.txt 0.5": {"time": 0.38655173778533936, "acc": 0.6649269311064719, "train_size": 479, "test_size": 479}, "data/tic-tac-toe.txt 0.1": {"time": 97.5731410741806, "acc": 0.752954808806489, "train_size": 95, "test_size": 863}, "data/mushroom.txt 0.1": {"time": 56.3443820476532, "acc": 0.9974015317286652, "train_size": 812, "test_size": 7312}, "data/tic-tac-toe.txt 0.01": {"time": 0.005280017852783203, "acc": 556.0, "train_size": 9, "test_size": 949}, "data/tic-tac-toe.txt 0.02": {"time": 0.02782893180847168, "acc": 490.0, "train_size": 19, "test_size": 939}, "data/tic-tac-toe.txt 0.03": {"time": 2.685713052749634, "acc": 598.0, "train_size": 28, "test_size": 930}, "data/tic-tac-toe.txt 0.25": {"time": 7424.082296538353, "acc": 0.7764951321279554, "train_size": 239, "test_size": 719}, "data/mushroom.txt 0.0125": {"time": 356.40985169410703, "acc": 0.954530724168017, "train_size": 101, "test_size": 8023}, "data/mushroom.txt 0.01": {"time": 0.20949006080627441, "acc": 0.9516598284222304, "train_size": 81, "test_size": 8043}}