{"version": 1.2, "data/zoo-1.txt 0.8": {"time": 0.1358492374420166, "acc": 0.9952380952380953, "train_size": 80, "test_size": 21}, "data/vote.txt 0.8": {"time": 0.14529728889465332, "acc": 0.960919540229885, "train_size": 348, "test_size": 87}, "data/hypothyroid.txt 0.8": {"time": 0.23733534812927246, "acc": 0.9741538461538463, "train_size": 2597, "test_size": 650}, "data/tic-tac-toe.txt 0.8": {"time": 0.17905669212341307, "acc": 0.9817708333333333, "train_size": 766, "test_size": 192}, "data/mushroom.txt 0.8": {"time": 0.4446286916732788, "acc": 1.0, "train_size": 6499, "test_size": 1625}, "data/mushroom.txt 0.5": {"time": 0.40782318115234373, "acc": 1.0, "train_size": 4062, "test_size": 4062}, "data/zoo-1.txt 0.5": {"time": 0.15617323637008662, "acc": 0.6609803921568629, "train_size": 50, "test_size": 51}, "data/vote.txt 0.5": {"time": 0.19662079811096192, "acc": 0.9564220183486238, "train_size": 217, "test_size": 218}, "data/hypothyroid.txt 0.5": {"time": 0.25501413345336915, "acc": 0.9750615763546799, "train_size": 1623, "test_size": 1624}, "data/mushroom.txt 0.25": {"time": 0.19408953189849854, "acc": 0.9291317905793534, "train_size": 2031, "test_size": 6093}, "data/zoo-1.txt 0.25": {"time": 0.15209851264953614, "acc": 0.993421052631579, "train_size": 25, "test_size": 76}, "data/vote.txt 0.25": {"time": 0.14223215579986573, "acc": 0.9458715596330276, "train_size": 108, "test_size": 327}, "data/hypothyroid.txt 0.25": {"time": 0.15445377826690673, "acc": 0.9336206896551726, "train_size": 811, "test_size": 2436}, "data/mushroom.txt 0.01": {"time": 0.15141870975494384, "acc": 0.9650503543453934, "train_size": 81, "test_size": 8043}, "data/tic-tac-toe.txt 0.01": {"time": 0.28179905414581297, "acc": 0.5892518440463645, "train_size": 9, "test_size": 949}, "data/tic-tac-toe.txt 0.25": {"time": 0.13274178504943848, "acc": 0.6806675938803893, "train_size": 239, "test_size": 719}, "data/tic-tac-toe.txt 0.5": {"time": 0.290857195854187, "acc": 0.8486430062630479, "train_size": 479, "test_size": 479}, "data/tic-tac-toe.txt 0.75": {"time": 0.3584237575531006, "acc": 0.8491666666666667, "train_size": 718, "test_size": 240}, "data/audiology.txt 0.25": {"time": 0.1799762487411499, "acc": 0.9475308641975309, "train_size": 54, "test_size": 162}, "data/letter.txt 0.25": {"time": 0.4215620756149292, "acc": 0.9603533333333333, "train_size": 5000, "test_size": 15000}, "data/pendigits.txt 0.25": {"time": 0.23363373279571534, "acc": 0.9879380893079522, "train_size": 1873, "test_size": 5621}, "data/yeast.txt 0.25": {"time": 0.14261748790740966, "acc": 0.689937106918239, "train_size": 371, "test_size": 1113}, "data/splice-1.txt 0.25": {"time": 0.17900352478027343, "acc": 0.870622649394066, "train_size": 797, "test_size": 2393}, "data/diabetes.txt 0.25": {"time": 0.13531622886657715, "acc": 0.7449652777777778, "train_size": 192, "test_size": 576}, "data/segment.txt 0.25": {"time": 0.1633427381515503, "acc": 0.9917484131563763, "train_size": 577, "test_size": 1733}, "data/kr-vs-kp.txt 0.25": {"time": 0.15087409019470216, "acc": 0.8209845640383813, "train_size": 799, "test_size": 2397}, "data/ionosphere.txt 0.25": {"time": 0.16462302207946777, "acc": 0.8977272727272727, "train_size": 87, "test_size": 264}, "data/lymph.txt 0.25": {"time": 0.15645148754119872, "acc": 0.7855855855855858, "train_size": 37, "test_size": 111}, "data/soybean.txt 0.25": {"time": 0.16487953662872315, "acc": 0.860676532769556, "train_size": 157, "test_size": 473}, "data/primary-tumor.txt 0.25": {"time": 0.16385858058929442, "acc": 0.7698412698412698, "train_size": 84, "test_size": 252}, "data/vehicle.txt 0.25": {"time": 0.1368030786514282, "acc": 0.9256692913385827, "train_size": 211, "test_size": 635}, "data/australian-credit.txt 0.25": {"time": 0.1345294237136841, "acc": 0.8412244897959184, "train_size": 163, "test_size": 490}, "data/anneal.txt 0.25": {"time": 0.13272812366485595, "acc": 0.8047619047619049, "train_size": 203, "test_size": 609}, "data/hepatitis.txt 0.25": {"time": 0.22862746715545654, "acc": 0.833009708737864, "train_size": 34, "test_size": 103}, "data/heart-cleveland.txt 0.25": {"time": 0.13712818622589112, "acc": 0.7986486486486487, "train_size": 74, "test_size": 222}, "data/breast-wisconsin.txt 0.25": {"time": 0.1766629695892334, "acc": 0.9658869395711498, "train_size": 170, "test_size": 513}, "data/german-credit.txt 0.25": {"time": 0.1360926389694214, "acc": 0.7045333333333333, "train_size": 250, "test_size": 750}}