{"version": 1.2, "data/zoo-1.txt 0.8": {"time": 0.1358492374420166, "acc": 0.9952380952380953, "train_size": 80, "test_size": 21}, "data/vote.txt 0.8": {"time": 0.14529728889465332, "acc": 0.960919540229885, "train_size": 348, "test_size": 87}, "data/hypothyroid.txt 0.8": {"time": 0.23733534812927246, "acc": 0.9741538461538463, "train_size": 2597, "test_size": 650}, "data/tic-tac-toe.txt 0.8": {"time": 0.17905669212341307, "acc": 0.9817708333333333, "train_size": 766, "test_size": 192}, "data/mushroom.txt 0.8": {"time": 0.4446286916732788, "acc": 1.0, "train_size": 6499, "test_size": 1625}, "data/mushroom.txt 0.5": {"time": 0.40782318115234373, "acc": 1.0, "train_size": 4062, "test_size": 4062}, "data/zoo-1.txt 0.5": {"time": 0.15617323637008662, "acc": 0.6609803921568629, "train_size": 50, "test_size": 51}, "data/vote.txt 0.5": {"time": 0.19662079811096192, "acc": 0.9564220183486238, "train_size": 217, "test_size": 218}, "data/hypothyroid.txt 0.5": {"time": 0.25501413345336915, "acc": 0.9750615763546799, "train_size": 1623, "test_size": 1624}, "data/mushroom.txt 0.25": {"time": 0.0595919132232666, "acc": 0.957196783193829, "train_size": 2031, "test_size": 6093}, "data/zoo-1.txt 0.25": {"time": 0.035042428970336915, "acc": 0.9973684210526315, "train_size": 25, "test_size": 76}, "data/vote.txt 0.25": {"time": 0.03300464153289795, "acc": 0.943730886850153, "train_size": 108, "test_size": 327}, "data/hypothyroid.txt 0.25": {"time": 0.03484201431274414, "acc": 0.9623152709359605, "train_size": 811, "test_size": 2436}, "data/mushroom.txt 0.01": {"time": 0.15141870975494384, "acc": 0.9650503543453934, "train_size": 81, "test_size": 8043}, "data/tic-tac-toe.txt 0.01": {"time": 0.28179905414581297, "acc": 0.5892518440463645, "train_size": 9, "test_size": 949}, "data/tic-tac-toe.txt 0.25": {"time": 0.031003832817077637, "acc": 0.7269819193324062, "train_size": 239, "test_size": 719}, "data/tic-tac-toe.txt 0.5": {"time": 0.290857195854187, "acc": 0.8486430062630479, "train_size": 479, "test_size": 479}, "data/tic-tac-toe.txt 0.75": {"time": 0.3584237575531006, "acc": 0.8491666666666667, "train_size": 718, "test_size": 240}, "data/audiology.txt 0.25": {"time": 0.03090071678161621, "acc": 0.8783950617283951, "train_size": 54, "test_size": 162}, "data/letter.txt 0.25": {"time": 0.21515276432037353, "acc": 0.9598333333333333, "train_size": 5000, "test_size": 15000}, "data/pendigits.txt 0.25": {"time": 0.08106379508972168, "acc": 0.9857676570005337, "train_size": 1873, "test_size": 5621}, "data/yeast.txt 0.25": {"time": 0.03591799736022949, "acc": 0.7017969451931715, "train_size": 371, "test_size": 1113}, "data/splice-1.txt 0.25": {"time": 0.1061105728149414, "acc": 0.9112411199331382, "train_size": 797, "test_size": 2393}, "data/diabetes.txt 0.25": {"time": 0.03366866111755371, "acc": 0.7480902777777778, "train_size": 192, "test_size": 576}, "data/segment.txt 0.25": {"time": 0.0454514741897583, "acc": 0.994864396999423, "train_size": 577, "test_size": 1733}, "data/kr-vs-kp.txt 0.25": {"time": 0.03586840629577637, "acc": 0.9292448894451397, "train_size": 799, "test_size": 2397}, "data/ionosphere.txt 0.25": {"time": 0.0364316463470459, "acc": 0.896590909090909, "train_size": 87, "test_size": 264}, "data/lymph.txt 0.25": {"time": 0.02652430534362793, "acc": 0.7810810810810811, "train_size": 37, "test_size": 111}, "data/soybean.txt 0.25": {"time": 0.027450037002563477, "acc": 0.8735729386892176, "train_size": 157, "test_size": 473}, "data/primary-tumor.txt 0.25": {"time": 0.029384899139404296, "acc": 0.7805555555555554, "train_size": 84, "test_size": 252}, "data/vehicle.txt 0.25": {"time": 0.03342750072479248, "acc": 0.9261417322834646, "train_size": 211, "test_size": 635}, "data/australian-credit.txt 0.25": {"time": 0.033130097389221194, "acc": 0.8346938775510205, "train_size": 163, "test_size": 490}, "data/anneal.txt 0.25": {"time": 0.03379888534545898, "acc": 0.8244663382594417, "train_size": 203, "test_size": 609}, "data/hepatitis.txt 0.25": {"time": 0.031064343452453614, "acc": 0.8349514563106796, "train_size": 34, "test_size": 103}, "data/heart-cleveland.txt 0.25": {"time": 0.0331348180770874, "acc": 0.7702702702702704, "train_size": 74, "test_size": 222}, "data/breast-wisconsin.txt 0.25": {"time": 0.03552403450012207, "acc": 0.966861598440546, "train_size": 170, "test_size": 513}, "data/german-credit.txt 0.25": {"time": 0.03413543701171875, "acc": 0.7085333333333332, "train_size": 250, "test_size": 750}}