{"version": 1.2, "data/zoo-1.txt 0.8": {"time": 0.1358492374420166, "acc": 0.9952380952380953, "train_size": 80, "test_size": 21}, "data/vote.txt 0.8": {"time": 0.14529728889465332, "acc": 0.960919540229885, "train_size": 348, "test_size": 87}, "data/hypothyroid.txt 0.8": {"time": 0.23733534812927246, "acc": 0.9741538461538463, "train_size": 2597, "test_size": 650}, "data/tic-tac-toe.txt 0.8": {"time": 0.17905669212341307, "acc": 0.9817708333333333, "train_size": 766, "test_size": 192}, "data/mushroom.txt 0.8": {"time": 0.4446286916732788, "acc": 1.0, "train_size": 6499, "test_size": 1625}, "data/mushroom.txt 0.5": {"time": 0.40782318115234373, "acc": 1.0, "train_size": 4062, "test_size": 4062}, "data/zoo-1.txt 0.5": {"time": 0.15617323637008662, "acc": 0.6609803921568629, "train_size": 50, "test_size": 51}, "data/vote.txt 0.5": {"time": 0.19662079811096192, "acc": 0.9564220183486238, "train_size": 217, "test_size": 218}, "data/hypothyroid.txt 0.5": {"time": 0.25501413345336915, "acc": 0.9750615763546799, "train_size": 1623, "test_size": 1624}, "data/mushroom.txt 0.25": {"time": 0.06536149978637695, "acc": 0.946381093057607, "train_size": 2031, "test_size": 6093}, "data/zoo-1.txt 0.25": {"time": 0.03092532157897949, "acc": 0.9973684210526315, "train_size": 25, "test_size": 76}, "data/vote.txt 0.25": {"time": 0.0294358491897583, "acc": 0.9501529051987767, "train_size": 108, "test_size": 327}, "data/hypothyroid.txt 0.25": {"time": 0.09970455169677735, "acc": 0.9276683087027914, "train_size": 811, "test_size": 2436}, "data/mushroom.txt 0.01": {"time": 0.15141870975494384, "acc": 0.9650503543453934, "train_size": 81, "test_size": 8043}, "data/tic-tac-toe.txt 0.01": {"time": 0.28179905414581297, "acc": 0.5892518440463645, "train_size": 9, "test_size": 949}, "data/tic-tac-toe.txt 0.25": {"time": 0.03489887714385986, "acc": 0.6826147426981919, "train_size": 239, "test_size": 719}, "data/tic-tac-toe.txt 0.5": {"time": 0.290857195854187, "acc": 0.8486430062630479, "train_size": 479, "test_size": 479}, "data/tic-tac-toe.txt 0.75": {"time": 0.3584237575531006, "acc": 0.8491666666666667, "train_size": 718, "test_size": 240}, "data/audiology.txt 0.25": {"time": 0.03414342403411865, "acc": 0.8413580246913581, "train_size": 54, "test_size": 162}, "data/letter.txt 0.25": {"time": 0.2028559923171997, "acc": 0.9592266666666667, "train_size": 5000, "test_size": 15000}, "data/pendigits.txt 0.25": {"time": 0.09802873134613037, "acc": 0.9692937199786515, "train_size": 1873, "test_size": 5621}, "data/yeast.txt 0.25": {"time": 0.04183173179626465, "acc": 0.6878706199460917, "train_size": 371, "test_size": 1113}, "data/splice-1.txt 0.25": {"time": 0.062372779846191405, "acc": 0.8911826159632261, "train_size": 797, "test_size": 2393}, "data/diabetes.txt 0.25": {"time": 0.035032033920288086, "acc": 0.7418402777777777, "train_size": 192, "test_size": 576}, "data/segment.txt 0.25": {"time": 0.04876101016998291, "acc": 0.9845931909982688, "train_size": 577, "test_size": 1733}, "data/kr-vs-kp.txt 0.25": {"time": 0.05579073429107666, "acc": 0.9145598664997913, "train_size": 799, "test_size": 2397}, "data/ionosphere.txt 0.25": {"time": 0.037423563003540036, "acc": 0.8731060606060606, "train_size": 87, "test_size": 264}, "data/lymph.txt 0.25": {"time": 0.04357120990753174, "acc": 0.7927927927927929, "train_size": 37, "test_size": 111}, "data/soybean.txt 0.25": {"time": 0.03747997283935547, "acc": 0.852431289640592, "train_size": 157, "test_size": 473}, "data/primary-tumor.txt 0.25": {"time": 0.03516454696655273, "acc": 0.7797619047619047, "train_size": 84, "test_size": 252}, "data/vehicle.txt 0.25": {"time": 0.04334704875946045, "acc": 0.8738582677165352, "train_size": 211, "test_size": 635}, "data/australian-credit.txt 0.25": {"time": 0.036703753471374514, "acc": 0.8222448979591837, "train_size": 163, "test_size": 490}, "data/anneal.txt 0.25": {"time": 0.03605134487152099, "acc": 0.8169129720853858, "train_size": 203, "test_size": 609}, "data/hepatitis.txt 0.25": {"time": 0.03439748287200928, "acc": 0.8339805825242717, "train_size": 34, "test_size": 103}, "data/heart-cleveland.txt 0.25": {"time": 0.03798465728759766, "acc": 0.7824324324324324, "train_size": 74, "test_size": 222}, "data/breast-wisconsin.txt 0.25": {"time": 0.03692195415496826, "acc": 0.9645224171539961, "train_size": 170, "test_size": 513}, "data/german-credit.txt 0.25": {"time": 0.03686399459838867, "acc": 0.6954666666666667, "train_size": 250, "test_size": 750}}