{"version": 1.2, "data/zoo-1.txt 0.8": {"time": 0.1358492374420166, "acc": 0.9952380952380953, "train_size": 80, "test_size": 21}, "data/vote.txt 0.8": {"time": 0.14529728889465332, "acc": 0.960919540229885, "train_size": 348, "test_size": 87}, "data/hypothyroid.txt 0.8": {"time": 0.23733534812927246, "acc": 0.9741538461538463, "train_size": 2597, "test_size": 650}, "data/tic-tac-toe.txt 0.8": {"time": 0.17905669212341307, "acc": 0.9817708333333333, "train_size": 766, "test_size": 192}, "data/mushroom.txt 0.8": {"time": 0.4446286916732788, "acc": 1.0, "train_size": 6499, "test_size": 1625}, "data/mushroom.txt 0.5": {"time": 0.40782318115234373, "acc": 1.0, "train_size": 4062, "test_size": 4062}, "data/zoo-1.txt 0.5": {"time": 0.1621476173400879, "acc": 0.9941176470588236, "train_size": 50, "test_size": 51}, "data/vote.txt 0.5": {"time": 0.19662079811096192, "acc": 0.9564220183486238, "train_size": 217, "test_size": 218}, "data/hypothyroid.txt 0.5": {"time": 0.25501413345336915, "acc": 0.9750615763546799, "train_size": 1623, "test_size": 1624}, "data/mushroom.txt 0.25": {"time": 0.20133349895477295, "acc": 0.9427868045297882, "train_size": 2031, "test_size": 6093}, "data/zoo-1.txt 0.25": {"time": 0.12954795360565186, "acc": 0.9986842105263157, "train_size": 25, "test_size": 76}, "data/vote.txt 0.25": {"time": 0.13527073860168456, "acc": 0.9458715596330276, "train_size": 108, "test_size": 327}, "data/hypothyroid.txt 0.25": {"time": 0.1467813730239868, "acc": 0.9491789819376028, "train_size": 811, "test_size": 2436}, "data/mushroom.txt 0.01": {"time": 0.15141870975494384, "acc": 0.9650503543453934, "train_size": 81, "test_size": 8043}, "data/tic-tac-toe.txt 0.01": {"time": 0.28179905414581297, "acc": 0.5892518440463645, "train_size": 9, "test_size": 949}, "data/tic-tac-toe.txt 0.25": {"time": 0.13538484573364257, "acc": 0.7027816411682892, "train_size": 239, "test_size": 719}, "data/tic-tac-toe.txt 0.5": {"time": 0.290857195854187, "acc": 0.8486430062630479, "train_size": 479, "test_size": 479}, "data/tic-tac-toe.txt 0.75": {"time": 0.3584237575531006, "acc": 0.8491666666666667, "train_size": 718, "test_size": 240}, "data/audiology.txt 0.25": {"time": 0.15390346050262452, "acc": 0.8333333333333334, "train_size": 54, "test_size": 162}, "data/letter.txt 0.25": {"time": 0.5107947587966919, "acc": 0.95954, "train_size": 5000, "test_size": 15000}, "data/pendigits.txt 0.25": {"time": 0.23310539722442628, "acc": 0.9856609144280375, "train_size": 1873, "test_size": 5621}, "data/yeast.txt 0.25": {"time": 0.13846166133880616, "acc": 0.693171608265948, "train_size": 371, "test_size": 1113}, "data/splice-1.txt 0.25": {"time": 0.17577171325683594, "acc": 0.9184705390722941, "train_size": 797, "test_size": 2393}, "data/diabetes.txt 0.25": {"time": 0.1371180772781372, "acc": 0.7501736111111111, "train_size": 192, "test_size": 576}, "data/segment.txt 0.25": {"time": 0.16104695796966553, "acc": 0.9878822850548182, "train_size": 577, "test_size": 1733}, "data/kr-vs-kp.txt 0.25": {"time": 0.14652037620544434, "acc": 0.8759282436378808, "train_size": 799, "test_size": 2397}, "data/ionosphere.txt 0.25": {"time": 0.13560662269592286, "acc": 0.8886363636363637, "train_size": 87, "test_size": 264}, "data/lymph.txt 0.25": {"time": 0.13561744689941407, "acc": 0.7936936936936936, "train_size": 37, "test_size": 111}, "data/soybean.txt 0.25": {"time": 0.13389265537261963, "acc": 0.8570824524312897, "train_size": 157, "test_size": 473}, "data/primary-tumor.txt 0.25": {"time": 0.13344264030456543, "acc": 0.7920634920634921, "train_size": 84, "test_size": 252}, "data/vehicle.txt 0.25": {"time": 0.13763818740844727, "acc": 0.921259842519685, "train_size": 211, "test_size": 635}, "data/australian-credit.txt 0.25": {"time": 0.13433463573455812, "acc": 0.8408163265306122, "train_size": 163, "test_size": 490}, "data/anneal.txt 0.25": {"time": 0.13453998565673828, "acc": 0.8198686371100166, "train_size": 203, "test_size": 609}, "data/hepatitis.txt 0.25": {"time": 0.13235392570495605, "acc": 0.8203883495145631, "train_size": 34, "test_size": 103}, "data/heart-cleveland.txt 0.25": {"time": 0.12957489490509033, "acc": 0.7797297297297296, "train_size": 74, "test_size": 222}, "data/breast-wisconsin.txt 0.25": {"time": 0.13150041103363036, "acc": 0.9641325536062378, "train_size": 170, "test_size": 513}, "data/german-credit.txt 0.25": {"time": 0.1355381965637207, "acc": 0.714, "train_size": 250, "test_size": 750}}