{"version": 1.1, "data/mushroom.txt": {"time": 0.7597941160202026, "acc": 1.0, "train_size": 6499, "test_size": 1625}, "data/tic-tac-toe.txt": {"time": 0.3159709215164185, "acc": 0.9895833333333333, "train_size": 766, "test_size": 192}, "data/zoo-1.txt": {"time": 0.21576848030090331, "acc": 0.9904761904761905, "train_size": 80, "test_size": 21}, "data/vote.txt": {"time": 0.23187448978424072, "acc": 0.9574712643678162, "train_size": 348, "test_size": 87}, "data/splice-1.txt": {"time": 0.706716775894165, "acc": 0.9738244514106584, "train_size": 2552, "test_size": 638}, "data/hypothyroid.txt": {"time": 0.30608334541320803, "acc": 0.9752307692307692, "train_size": 2597, "test_size": 650}}