{"version": 1.2, "data/zoo-1.txt 0.8": {"time": 0.1358492374420166, "acc": 0.9952380952380953, "train_size": 80, "test_size": 21}, "data/vote.txt 0.8": {"time": 0.14529728889465332, "acc": 0.960919540229885, "train_size": 348, "test_size": 87}, "data/hypothyroid.txt 0.8": {"time": 0.23733534812927246, "acc": 0.9741538461538463, "train_size": 2597, "test_size": 650}, "data/tic-tac-toe.txt 0.8": {"time": 0.17905669212341307, "acc": 0.9817708333333333, "train_size": 766, "test_size": 192}, "data/mushroom.txt 0.8": {"time": 0.4446286916732788, "acc": 1.0, "train_size": 6499, "test_size": 1625}, "data/mushroom.txt 0.5": {"time": 0.34885194301605227, "acc": 1.0, "train_size": 4062, "test_size": 4062}, "data/zoo-1.txt 0.5": {"time": 0.12531042098999023, "acc": 0.9980392156862745, "train_size": 50, "test_size": 51}, "data/vote.txt 0.5": {"time": 0.14313068389892578, "acc": 0.9600917431192659, "train_size": 217, "test_size": 218}, "data/hypothyroid.txt 0.5": {"time": 0.18488719463348388, "acc": 0.9725985221674878, "train_size": 1623, "test_size": 1624}}