{"version": 1.1, "data/mushroom.txt": {"time": 0.40252797603607177, "acc": 1.0, "train_size": 6499, "test_size": 1625}, "data/tic-tac-toe.txt": {"time": 0.1548618793487549, "acc": 0.9875, "train_size": 766, "test_size": 192}}