{"version": 1.2, "data/zoo-1.txt 0.8": {"time": 0.1358492374420166, "acc": 0.9952380952380953, "train_size": 80, "test_size": 21}, "data/vote.txt 0.8": {"time": 0.14529728889465332, "acc": 0.960919540229885, "train_size": 348, "test_size": 87}, "data/hypothyroid.txt 0.8": {"time": 0.23733534812927246, "acc": 0.9741538461538463, "train_size": 2597, "test_size": 650}, "data/tic-tac-toe.txt 0.8": {"time": 0.17905669212341307, "acc": 0.9817708333333333, "train_size": 766, "test_size": 192}, "data/mushroom.txt 0.8": {"time": 0.4446286916732788, "acc": 1.0, "train_size": 6499, "test_size": 1625}, "data/mushroom.txt 0.5": {"time": 0.40782318115234373, "acc": 1.0, "train_size": 4062, "test_size": 4062}, "data/zoo-1.txt 0.5": {"time": 0.15617323637008662, "acc": 0.6609803921568629, "train_size": 50, "test_size": 51}, "data/vote.txt 0.5": {"time": 0.19662079811096192, "acc": 0.9564220183486238, "train_size": 217, "test_size": 218}, "data/hypothyroid.txt 0.5": {"time": 0.25501413345336915, "acc": 0.9750615763546799, "train_size": 1623, "test_size": 1624}, "data/mushroom.txt 0.25": {"time": 0.06933434009552002, "acc": 0.9705727884457573, "train_size": 2031, "test_size": 6093}, "data/zoo-1.txt 0.25": {"time": 0.04076564311981201, "acc": 0.993421052631579, "train_size": 25, "test_size": 76}, "data/vote.txt 0.25": {"time": 0.031429386138916014, "acc": 0.9428134556574923, "train_size": 108, "test_size": 327}, "data/hypothyroid.txt 0.25": {"time": 0.05472002029418945, "acc": 0.9590311986863711, "train_size": 811, "test_size": 2436}, "data/mushroom.txt 0.01": {"time": 0.15141870975494384, "acc": 0.9650503543453934, "train_size": 81, "test_size": 8043}, "data/tic-tac-toe.txt 0.01": {"time": 0.28179905414581297, "acc": 0.5892518440463645, "train_size": 9, "test_size": 949}, "data/tic-tac-toe.txt 0.25": {"time": 0.07227113246917724, "acc": 0.7299026425591097, "train_size": 239, "test_size": 719}, "data/tic-tac-toe.txt 0.5": {"time": 0.290857195854187, "acc": 0.8486430062630479, "train_size": 479, "test_size": 479}, "data/tic-tac-toe.txt 0.75": {"time": 0.3584237575531006, "acc": 0.8491666666666667, "train_size": 718, "test_size": 240}, "data/audiology.txt 0.25": {"time": 0.0357877254486084, "acc": 0.8901234567901236, "train_size": 54, "test_size": 162}, "data/letter.txt 0.25": {"time": 0.29004607200622556, "acc": 0.9598133333333332, "train_size": 5000, "test_size": 15000}, "data/pendigits.txt 0.25": {"time": 0.1615534543991089, "acc": 0.9865148550080057, "train_size": 1873, "test_size": 5621}, "data/yeast.txt 0.25": {"time": 0.03842382431030274, "acc": 0.6982929020664869, "train_size": 371, "test_size": 1113}, "data/splice-1.txt 0.25": {"time": 0.07016623020172119, "acc": 0.910154617634768, "train_size": 797, "test_size": 2393}, "data/diabetes.txt 0.25": {"time": 0.05371448993682861, "acc": 0.7513888888888889, "train_size": 192, "test_size": 576}, "data/segment.txt 0.25": {"time": 0.05330507755279541, "acc": 0.997922677437969, "train_size": 577, "test_size": 1733}, "data/kr-vs-kp.txt 0.25": {"time": 0.04770383834838867, "acc": 0.9244055068836043, "train_size": 799, "test_size": 2397}, "data/ionosphere.txt 0.25": {"time": 0.08539857864379882, "acc": 0.8780303030303032, "train_size": 87, "test_size": 264}, "data/lymph.txt 0.25": {"time": 0.041017007827758786, "acc": 0.8045045045045045, "train_size": 37, "test_size": 111}, "data/soybean.txt 0.25": {"time": 0.05348610877990723, "acc": 0.8594080338266386, "train_size": 157, "test_size": 473}, "data/primary-tumor.txt 0.25": {"time": 0.04953205585479736, "acc": 0.7746031746031746, "train_size": 84, "test_size": 252}, "data/vehicle.txt 0.25": {"time": 0.053075861930847165, "acc": 0.921259842519685, "train_size": 211, "test_size": 635}, "data/australian-credit.txt 0.25": {"time": 0.03174698352813721, "acc": 0.8412244897959184, "train_size": 163, "test_size": 490}, "data/anneal.txt 0.25": {"time": 0.042155671119689944, "acc": 0.8193760262725782, "train_size": 203, "test_size": 609}, "data/hepatitis.txt 0.25": {"time": 0.03982939720153809, "acc": 0.8271844660194173, "train_size": 34, "test_size": 103}, "data/heart-cleveland.txt 0.25": {"time": 0.04668793678283691, "acc": 0.7810810810810811, "train_size": 74, "test_size": 222}, "data/breast-wisconsin.txt 0.25": {"time": 0.04300312995910645, "acc": 0.9649122807017545, "train_size": 170, "test_size": 513}, "data/german-credit.txt 0.25": {"time": 0.03553087711334228, "acc": 0.7076, "train_size": 250, "test_size": 750}}