{"version": 1.1, "data/mushroom.txt": {"time": 0.6933429718017579, "acc": 1.0, "train_size": 6499, "test_size": 1625}, "data/tic-tac-toe.txt": {"time": 0.194960355758667, "acc": 0.984375, "train_size": 766, "test_size": 192}, "data/zoo-1.txt": {"time": 0.15097756385803224, "acc": 0.9904761904761905, "train_size": 80, "test_size": 21}, "data/vote.txt": {"time": 0.15535638332366944, "acc": 0.9471264367816092, "train_size": 348, "test_size": 87}}