{"version": 1.1, "data/mushroom.txt": {"time": 0.5378804922103881, "acc": 0.9927234927234927, "train_size": 7694, "test_size": 1924}, "data/tic-tac-toe.txt": {"time": 0.5018446445465088, "acc": 0.9916839916839917, "train_size": 7694, "test_size": 1924}, "data/zoo-1.txt": {"time": 0.5813243150711059, "acc": 0.9920478170478171, "train_size": 7694, "test_size": 1924}, "data/vote.txt": {"time": 0.5157032966613769, "acc": 0.9925155925155925, "train_size": 7694, "test_size": 1924}}