{"version": 1.2, "data/zoo-1.txt 0.8": {"time": 0.13060081005096436, "acc": 0.9904761904761905, "train_size": 80, "test_size": 21}, "data/vote.txt 0.8": {"time": 0.15023257732391357, "acc": 0.9655172413793103, "train_size": 348, "test_size": 87}, "data/hypothyroid.txt 0.8": {"time": 0.23037919998168946, "acc": 0.9747692307692306, "train_size": 2597, "test_size": 650}, "data/tic-tac-toe.txt 0.8": {"time": 0.16754541397094727, "acc": 0.9859375, "train_size": 766, "test_size": 192}, "data/mushroom.txt 0.8": {"time": 0.4086452484130859, "acc": 1.0, "train_size": 6499, "test_size": 1625}}